name,aliases,permissions,module,source,compiled_runtime,native_mta_status
a,,everyone,komendy,gamemodes/modules/komendy/commands/a/a_impl.pwn,True,pending
ac,antycheat antyczit nexac,everyone,antycheat,gamemodes/modules/antycheat/commands/ac/ac_impl.pwn,True,pending
adajrange,admindajrange,everyone,komendy,gamemodes/modules/komendy/commands/adajrange/adajrange_impl.pwn,True,pending
addcar,,everyone,komendy,gamemodes/modules/komendy/commands/addcar/addcar_impl.pwn,True,pending
addmc,dajmc dodajmc,everyone,premium,gamemodes/modules/premium/commands/addmc/addmc_impl.pwn,True,pending
admindutycmd,adminduty aduty,everyone,komendy,gamemodes/modules/komendy/commands/admindutycmd/admindutycmd_impl.pwn,True,pending
admini,admins,everyone,komendy,gamemodes/modules/komendy/commands/admini/admini_impl.pwn,True,pending
adminjail,aj,everyone,komendy,gamemodes/modules/komendy/commands/adminjail/adminjail_impl.pwn,True,pending
adminkill,,everyone,komendy,gamemodes/modules/komendy/commands/adminkill/adminkill_impl.pwn,True,pending
adminstats,,everyone,komendy,gamemodes/modules/komendy/commands/adminstats/adminstats_impl.pwn,True,pending
agraffiti,agrafiti,admini,graffiti,gamemodes/modules/graffiti/commands/agraffiti/agraffiti_impl.pwn,True,pending
ah,adminhelp adminpomoc,admini,komendy,gamemodes/modules/komendy/commands/ah/ah_impl.pwn,True,pending
akceptuj,,everyone,oferty,gamemodes/modules/oferty/commands/akceptuj/akceptuj_impl.pwn,True,pending
akceptujnaprawe,an,everyone,komendy,gamemodes/modules/komendy/commands/akceptujnaprawe/akceptujnaprawe_impl.pwn,True,pending
akceptujtankowanie,at,everyone,komendy,gamemodes/modules/komendy/commands/akceptujtankowanie/akceptujtankowanie_impl.pwn,True,pending
alarm,,everyone,komendy,gamemodes/modules/komendy/commands/alarm/alarm_impl.pwn,True,pending
alkomat,,everyone,komendy,gamemodes/modules/komendy/commands/alkomat/alkomat_impl.pwn,True,pending
and1,,,filterscripts,filterscripts/zombiescript.pwn,False,not-loaded-by-v2.8.8
anim,animacje animhelp anims animshelp,everyone,animacje,gamemodes/modules/animacje/commands/anim/anim_impl.pwn,True,pending
ann,,everyone,komendy,gamemodes/modules/komendy/commands/ann/ann_impl.pwn,True,pending
antybh,,everyone,komendy,gamemodes/modules/komendy/commands/antybh/antybh_impl.pwn,True,pending
anuluj,,everyone,komendy,gamemodes/modules/komendy/commands/anuluj/anuluj_impl.pwn,True,pending
anulujzp,,everyone,komendy,gamemodes/modules/komendy/commands/anulujzp/anulujzp_impl.pwn,True,pending
app,,everyone,komendy,gamemodes/modules/komendy/commands/app/app_impl.pwn,True,pending
apteczka,,everyone,komendy,gamemodes/modules/komendy/commands/apteczka/apteczka_impl.pwn,True,pending
aresztuj,,everyone,komendy,gamemodes/modules/komendy/commands/aresztuj/aresztuj_impl.pwn,True,pending
armor,,everyone,komendy,gamemodes/modules/komendy/commands/armor/armor_impl.pwn,True,pending
aroundabout,,,filterscripts,filterscripts/ronda.pwn,False,not-loaded-by-v2.8.8
asystem,,everyone,komendy,gamemodes/modules/komendy/commands/asystem/asystem_impl.pwn,True,pending
atakuj,,everyone,komendy,gamemodes/modules/komendy/commands/atakuj/atakuj_impl.pwn,True,pending
aulecz,aheal,everyone,choroby,gamemodes/modules/choroby/commands/aulecz/aulecz_impl.pwn,True,pending
autok,,everyone,komendy,gamemodes/modules/komendy/commands/autok/autok_impl.pwn,True,pending
autopomoc,carhelp pojazdpomoc samochodpomoc vehiclehelp,everyone,pomoc,gamemodes/modules/pomoc/commands/autopomoc/autopomoc_impl.pwn,True,pending
autoranny,,everyone,komendy,gamemodes/modules/komendy/commands/autoranny/autoranny_impl.pwn,True,pending
autorzy,tworcy,everyone,komendy,gamemodes/modules/komendy/commands/autorzy/autorzy_impl.pwn,True,pending
awans,,everyone,komendy,gamemodes/modules/komendy/commands/awans/awans_impl.pwn,True,pending
b,,everyone,komendy,gamemodes/modules/komendy/commands/b/b_impl.pwn,True,pending
balans,,everyone,komendy,gamemodes/modules/komendy/commands/balans/balans_impl.pwn,True,pending
ban,,everyone,komendy,gamemodes/modules/komendy/commands/ban/ban_impl.pwn,True,pending
bandana,,everyone,komendy,gamemodes/modules/komendy/commands/bandana/bandana_impl.pwn,True,pending
banip,,everyone,komendy,gamemodes/modules/komendy/commands/banip/banip_impl.pwn,True,pending
barierka,,everyone,komendy,gamemodes/modules/komendy/commands/barierka/barierka_impl.pwn,True,pending
basenstats,,everyone,komendy,gamemodes/modules/komendy/commands/basenstats/basenstats_impl.pwn,True,pending
bdaj,,everyone,komendy,gamemodes/modules/komendy/commands/bdaj/bdaj_impl.pwn,True,pending
biegnij,,everyone,sila,gamemodes/modules/sila/commands/biegnij/biegnij_impl.pwn,True,pending
bigears,,everyone,komendy,gamemodes/modules/komendy/commands/bigears/bigears_impl.pwn,True,pending
biz,bizradio radiobiz,everyone,biznesy,gamemodes/modules/biznesy/commands/biz/biz_impl.pwn,True,pending
bizinfo,,everyone,biznesy,gamemodes/modules/biznesy/commands/bizinfo/bizinfo_impl.pwn,True,pending
bizlock,businesslock otworzbiznes zamknijbiznes,everyone,biznesy,gamemodes/modules/biznesy/commands/bizlock/bizlock_impl.pwn,True,pending
bizpomoc,bizhelp biznespomoc,everyone,pomoc,gamemodes/modules/pomoc/commands/bizpomoc/bizpomoc_impl.pwn,True,pending
blackjack,,everyone,komendy,gamemodes/modules/komendy/commands/blackjack/blackjack_impl.pwn,True,pending
blok,block,everyone,komendy,gamemodes/modules/komendy/commands/blok/blok_impl.pwn,True,pending
blokujnews,,everyone,komendy,gamemodes/modules/komendy/commands/blokujnews/blokujnews_impl.pwn,True,pending
blokujnoba,,everyone,komendy,gamemodes/modules/komendy/commands/blokujnoba/blokujnoba_impl.pwn,True,pending
blokujsprzedaz,,everyone,komendy,gamemodes/modules/komendy/commands/blokujsprzedaz/blokujsprzedaz_impl.pwn,True,pending
boombox,,everyone,komendy,gamemodes/modules/komendy/commands/boombox/boombox_impl.pwn,True,pending
boxstats,boksstats,everyone,komendy,gamemodes/modules/komendy/commands/boxstats/boxstats_impl.pwn,True,pending
bp,,everyone,komendy,gamemodes/modules/komendy/commands/bp/bp_impl.pwn,True,pending
bpracownicy,biznespracownicy businessworkers,everyone,biznesy,gamemodes/modules/biznesy/commands/bpracownicy/bpracownicy_impl.pwn,True,pending
brama,br,everyone,komendy,gamemodes/modules/komendy/commands/brama/brama_impl.pwn,True,pending
businfo,bus buspomoc,everyone,praca_kierowca,gamemodes/modules/praca_kierowca/commands/businfo/businfo_impl.pwn,True,pending
busroute,,admini,praca_kierowca,gamemodes/modules/praca_kierowca/commands/busroute/busroute_impl.pwn,True,pending
busstop,,admini,praca_kierowca,gamemodes/modules/praca_kierowca/commands/busstop/busstop_impl.pwn,True,pending
bwcmd,bw,everyone,komendy,gamemodes/modules/komendy/commands/bwcmd/bwcmd_impl.pwn,True,pending
c,,everyone,komendy,gamemodes/modules/komendy/commands/c/c_impl.pwn,True,pending
caluj,,everyone,komendy,gamemodes/modules/komendy/commands/caluj/caluj_impl.pwn,True,pending
car,auto pojazd samochod,everyone,komendy,gamemodes/modules/komendy/commands/car/car_impl.pwn,True,pending
carcolors,kolory,everyone,praca_mechanik,gamemodes/modules/praca_mechanik/commands/carcolors/carcolors_impl.pwn,True,pending
carjump,,everyone,komendy,gamemodes/modules/komendy/commands/carjump/carjump_impl.pwn,True,pending
carslot,,everyone,komendy,gamemodes/modules/komendy/commands/carslot/carslot_impl.pwn,True,pending
cbradio,cb cb_radio,everyone,komendy,gamemodes/modules/komendy/commands/cbradio/cbradio_impl.pwn,True,pending
cc,,,filterscripts,filterscripts/colorchange.pwn,False,not-loaded-by-v2.8.8
cc_dajlider,,,filterscripts,filterscripts/colorchange.pwn,False,not-loaded-by-v2.8.8
cc_odrzut,,,filterscripts,filterscripts/colorchange.pwn,False,not-loaded-by-v2.8.8
cc_restart,,,filterscripts,filterscripts/colorchange.pwn,False,not-loaded-by-v2.8.8
cc_start,,,filterscripts,filterscripts/colorchange.pwn,False,not-loaded-by-v2.8.8
cc_tog,,,filterscripts,filterscripts/colorchange.pwn,False,not-loaded-by-v2.8.8
cc_widz,,,filterscripts,filterscripts/colorchange.pwn,False,not-loaded-by-v2.8.8
cc_zabierzlider,,,filterscripts,filterscripts/colorchange.pwn,False,not-loaded-by-v2.8.8
cca,cc,everyone,komendy,gamemodes/modules/komendy/commands/cca/cca_impl.pwn,True,pending
cennik,,everyone,komendy,gamemodes/modules/komendy/commands/cennik/cennik_impl.pwn,True,pending
check,,everyone,komendy,gamemodes/modules/komendy/commands/check/check_impl.pwn,True,pending
checkadminstats,,everyone,komendy,gamemodes/modules/komendy/commands/checkadminstats/checkadminstats_impl.pwn,True,pending
checkbw,,everyone,komendy,gamemodes/modules/komendy/commands/checkbw/checkbw_impl.pwn,True,pending
checkcar,,everyone,komendy,gamemodes/modules/komendy/commands/checkcar/checkcar_impl.pwn,True,pending
checkcars,,everyone,komendy,gamemodes/modules/komendy/commands/checkcars/checkcars_impl.pwn,True,pending
checkpremium,checkkp checkmc,everyone,premium,gamemodes/modules/premium/commands/checkpremium/checkpremium_impl.pwn,True,pending
checktank,checktankmod checktankmode,everyone,komendy,gamemodes/modules/komendy/commands/checktank/checktank_impl.pwn,True,pending
chujcipa123strefa,,,filterscripts,filterscripts/colorchange.pwn,False,not-loaded-by-v2.8.8
clearwlall,,everyone,komendy,gamemodes/modules/komendy/commands/clearwlall/clearwlall_impl.pwn,True,pending
clearzone,,everyone,komendy,gamemodes/modules/komendy/commands/clearzone/clearzone_impl.pwn,True,pending
cmdinfo,,everyone,komendy,gamemodes/modules/komendy/commands/cmdinfo/cmdinfo_impl.pwn,True,pending
cnn,,everyone,komendy,gamemodes/modules/komendy/commands/cnn/cnn_impl.pwn,True,pending
cnnn,,everyone,komendy,gamemodes/modules/komendy/commands/cnnn/cnnn_impl.pwn,True,pending
cp,checkpoint czekpoint,everyone,komendy,gamemodes/modules/komendy/commands/cp/cp_impl.pwn,True,pending
cp_usun,checkpoint_usun czekpoint_usun,everyone,komendy,gamemodes/modules/komendy/commands/cp_usun/cp_usun_impl.pwn,True,pending
createbox,,admini,movables,gamemodes/modules/movables/commands/createbox/createbox_impl.pwn,True,pending
createconvoyactor,,everyone,convoy,gamemodes/modules/convoy/commands/createconvoyactor/createconvoyactor_impl.pwn,True,pending
createconvoybox,,everyone,convoy,gamemodes/modules/convoy/commands/createconvoybox/createconvoybox_impl.pwn,True,pending
createobject,,admini,admin,gamemodes/modules/admin/commands/createobject/createobject_impl.pwn,True,pending
crimereport,,everyone,komendy,gamemodes/modules/komendy/commands/crimereport/crimereport_impl.pwn,True,pending
cwarsztat,,everyone,komendy,gamemodes/modules/komendy/commands/cwarsztat/cwarsztat_impl.pwn,True,pending
cygaro,,everyone,komendy,gamemodes/modules/komendy/commands/cygaro/cygaro_impl.pwn,True,pending
czas,time,everyone,komendy,gamemodes/modules/komendy/commands/czas/czas_impl.pwn,True,pending
cziterzy,cheaters czity,everyone,antycheat,gamemodes/modules/antycheat/commands/cziterzy/cziterzy_impl.pwn,True,pending
czyjtonumer,,everyone,komendy,gamemodes/modules/komendy/commands/czyjtonumer/czyjtonumer_impl.pwn,True,pending
czysc,,everyone,komendy,gamemodes/modules/komendy/commands/czysc/czysc_impl.pwn,True,pending
dajapteczke,dajapteczka,everyone,komendy,gamemodes/modules/komendy/commands/dajapteczke/dajapteczke_impl.pwn,True,pending
dajbilet,,everyone,ibiza,gamemodes/modules/ibiza/commands/dajbilet/dajbilet_impl.pwn,True,pending
dajbiznes,,everyone,biznesy,gamemodes/modules/biznesy/commands/dajbiznes/dajbiznes_impl.pwn,True,pending
dajdowozu,,everyone,komendy,gamemodes/modules/komendy/commands/dajdowozu/dajdowozu_impl.pwn,True,pending
dajdzwiek,,everyone,komendy,gamemodes/modules/komendy/commands/dajdzwiek/dajdzwiek_impl.pwn,True,pending
dajfiltr,,everyone,komendy,gamemodes/modules/komendy/commands/dajfiltr/dajfiltr_impl.pwn,True,pending
dajkase,givemoney,everyone,komendy,gamemodes/modules/komendy/commands/dajkase/dajkase_impl.pwn,True,pending
dajklucze,dajkluczyki kluczyki,everyone,komendy,gamemodes/modules/komendy/commands/dajklucze/dajklucze_impl.pwn,True,pending
dajkm,,everyone,komendy,gamemodes/modules/komendy/commands/dajkm/dajkm_impl.pwn,True,pending
dajkp,,everyone,premium,gamemodes/modules/premium/commands/dajkp/dajkp_impl.pwn,True,pending
dajlideraorg,,everyone,komendy,gamemodes/modules/komendy/commands/dajlideraorg/dajlideraorg_impl.pwn,True,pending
dajobiekt,giveobject,everyone,player_attachments,gamemodes/modules/player_attachments/commands/dajobiekt/dajobiekt_impl.pwn,True,pending
dajpodatek,givetax,everyone,komendy,gamemodes/modules/komendy/commands/dajpodatek/dajpodatek_impl.pwn,True,pending
dajpomocnika,,everyone,komendy,gamemodes/modules/komendy/commands/dajpomocnika/dajpomocnika_impl.pwn,True,pending
dajrange,giverank,everyone,komendy,gamemodes/modules/komendy/commands/dajrange/dajrange_impl.pwn,True,pending
dajscene,,everyone,sceny,gamemodes/modules/sceny/commands/dajscene/dajscene_impl.pwn,True,pending
dajskryptera,,everyone,komendy,gamemodes/modules/komendy/commands/dajskryptera/dajskryptera_impl.pwn,True,pending
dajzaufanego,,everyone,komendy,gamemodes/modules/komendy/commands/dajzaufanego/dajzaufanego_impl.pwn,True,pending
datek,charity,everyone,komendy,gamemodes/modules/komendy/commands/datek/datek_impl.pwn,True,pending
degraduj,,everyone,komendy,gamemodes/modules/komendy/commands/degraduj/degraduj_impl.pwn,True,pending
delete3dtext,,everyone,komendy,gamemodes/modules/komendy/commands/delete3dtext/delete3dtext_impl.pwn,True,pending
deletedom,deldom usundom,everyone,komendy,gamemodes/modules/komendy/commands/deletedom/deletedom_impl.pwn,True,pending
deleteobject,,everyone,komendy,gamemodes/modules/komendy/commands/deleteobject/deleteobject_impl.pwn,True,pending
demorgan,prison,everyone,komendy,gamemodes/modules/komendy/commands/demorgan/demorgan_impl.pwn,True,pending
departament,d,everyone,komendy,gamemodes/modules/komendy/commands/departament/departament_impl.pwn,True,pending
depo,departmentooc dooc,everyone,komendy,gamemodes/modules/komendy/commands/depo/depo_impl.pwn,True,pending
destroyconvoyactor,,everyone,convoy,gamemodes/modules/convoy/commands/destroyconvoyactor/destroyconvoyactor_impl.pwn,True,pending
destroyconvoybox,,everyone,convoy,gamemodes/modules/convoy/commands/destroyconvoybox/destroyconvoybox_impl.pwn,True,pending
destroyobject,,admini,admin,gamemodes/modules/admin/commands/destroyobject/destroyobject_impl.pwn,True,pending
diagnozuj,diagnoza zdiagnozuj,everyone,choroby,gamemodes/modules/choroby/commands/diagnozuj/diagnozuj_impl.pwn,True,pending
diluj,,everyone,praca_diler,gamemodes/modules/praca_diler/commands/diluj/diluj_impl.pwn,True,pending
disabletruckerjob,,everyone,komendy,gamemodes/modules/komendy/commands/disabletruckerjob/disabletruckerjob_impl.pwn,True,pending
dl,dajl dajlicencje givelicense,everyone,komendy,gamemodes/modules/komendy/commands/dl/dl_impl.pwn,True,pending
dmvoff,,everyone,urzadls,gamemodes/modules/urzadls/commands/dmvoff/dmvoff_impl.pwn,True,pending
dmvon,,everyone,urzadls,gamemodes/modules/urzadls/commands/dmvon/dmvon_impl.pwn,True,pending
dn,,everyone,komendy,gamemodes/modules/komendy/commands/dn/dn_impl.pwn,True,pending
dnobiekt,,everyone,admin,gamemodes/modules/admin/commands/dnobiekt/dnobiekt_impl.pwn,True,pending
do,,everyone,komendy,gamemodes/modules/komendy/commands/do/do_impl.pwn,True,pending
dodajweryfikacje,,everyone,komendy,gamemodes/modules/komendy/commands/dodajweryfikacje/dodajweryfikacje_impl.pwn,True,pending
dodatki,,everyone,player_attachments,gamemodes/modules/player_attachments/commands/dodatki/dodatki_impl.pwn,True,pending
dolacz,join,everyone,prace,gamemodes/modules/prace/commands/dolacz/dolacz_impl.pwn,True,pending
dolaczzombie,,,filterscripts,filterscripts/zombiescript.pwn,False,not-loaded-by-v2.8.8
domint,,everyone,komendy,gamemodes/modules/komendy/commands/domint/domint_impl.pwn,True,pending
dompomoc,househelp,everyone,pomoc,gamemodes/modules/pomoc/commands/dompomoc/dompomoc_impl.pwn,True,pending
dopasuj,,everyone,komendy,gamemodes/modules/komendy/commands/dopasuj/dopasuj_impl.pwn,True,pending
dpa,,everyone,komendy,gamemodes/modules/komendy/commands/dpa/dpa_impl.pwn,True,pending
dr,,everyone,komendy,gamemodes/modules/komendy/commands/dr/dr_impl.pwn,True,pending
dskill,,everyone,komendy,gamemodes/modules/komendy/commands/dskill/dskill_impl.pwn,True,pending
dsus,,everyone,komendy,gamemodes/modules/komendy/commands/dsus/dsus_impl.pwn,True,pending
dutycd,dutysbi,everyone,komendy,gamemodes/modules/komendy/commands/dutycd/dutycd_impl.pwn,True,pending
dvobiekt,,admini,admin,gamemodes/modules/admin/commands/dvobiekt/dvobiekt_impl.pwn,True,pending
dynamite,,,filterscripts,filterscripts/Firecrackers.pwn,False,not-loaded-by-v2.8.8
dzwon,call,everyone,komendy,gamemodes/modules/komendy/commands/dzwon/dzwon_impl.pwn,True,pending
editobject,,everyone,admin,gamemodes/modules/admin/commands/editobject/editobject_impl.pwn,True,pending
edytuj,,everyone,komendy,gamemodes/modules/komendy/commands/edytuj/edytuj_impl.pwn,True,pending
edytujbiznes,bizedit editbiz editbusiness,everyone,biznesy,gamemodes/modules/biznesy/commands/edytujbiznes/edytujbiznes_impl.pwn,True,pending
edytujupr,,everyone,komendy,gamemodes/modules/komendy/commands/edytujupr/edytujupr_impl.pwn,True,pending
elo,,everyone,komendy,gamemodes/modules/komendy/commands/elo/elo_impl.pwn,True,pending
elo2,,everyone,komendy,gamemodes/modules/komendy/commands/elo2/elo2_impl.pwn,True,pending
endround,,everyone,komendy,gamemodes/modules/komendy/commands/endround/endround_impl.pwn,True,pending
entercar,,everyone,komendy,gamemodes/modules/komendy/commands/entercar/entercar_impl.pwn,True,pending
fajerwerki,,,filterscripts,filterscripts/Firecrackers.pwn,False,not-loaded-by-v2.8.8
fbadmin,,everyone,front_business,gamemodes/modules/front_business/commands/fbadmin/fbadmin_impl.pwn,True,pending
fbidrzwi,,everyone,komendy,gamemodes/modules/komendy/commands/fbidrzwi/fbidrzwi_impl.pwn,True,pending
fdaj,,everyone,komendy,gamemodes/modules/komendy/commands/fdaj/fdaj_impl.pwn,True,pending
federalne,fed,everyone,komendy,gamemodes/modules/komendy/commands/federalne/federalne_impl.pwn,True,pending
felga,,everyone,praca_mechanik,gamemodes/modules/praca_mechanik/commands/felga/felga_impl.pwn,True,pending
felgi,,everyone,praca_mechanik,gamemodes/modules/praca_mechanik/commands/felgi/felgi_impl.pwn,True,pending
finfo,,everyone,komendy,gamemodes/modules/komendy/commands/finfo/finfo_impl.pwn,True,pending
finisz,meta,everyone,komendy,gamemodes/modules/komendy/commands/finisz/finisz_impl.pwn,True,pending
fixallveh,,everyone,komendy,gamemodes/modules/komendy/commands/fixallveh/fixallveh_impl.pwn,True,pending
fixr,,everyone,komendy,gamemodes/modules/komendy/commands/fixr/fixr_impl.pwn,True,pending
fixvc,fixvicecity,everyone,vicecity,gamemodes/modules/vicecity/commands/fixvc/fixvc_impl.pwn,True,pending
fixveh,,everyone,komendy,gamemodes/modules/komendy/commands/fixveh/fixveh_impl.pwn,True,pending
flip,,everyone,komendy,gamemodes/modules/komendy/commands/flip/flip_impl.pwn,True,pending
fly,,everyone,komendy,gamemodes/modules/komendy/commands/fly/fly_impl.pwn,True,pending
fooc,familyooc fo rodzinnyooc,everyone,komendy,gamemodes/modules/komendy/commands/fooc/fooc_impl.pwn,True,pending
forceskin,,everyone,komendy,gamemodes/modules/komendy/commands/forceskin/forceskin_impl.pwn,True,pending
forum,,everyone,komendy,gamemodes/modules/komendy/commands/forum/forum_impl.pwn,True,pending
fpanel,,everyone,komendy,gamemodes/modules/komendy/commands/fpanel/fpanel_impl.pwn,True,pending
fracinfo,,everyone,komendy,gamemodes/modules/komendy/commands/fracinfo/fracinfo_impl.pwn,True,pending
fskin,mundur uniform,everyone,komendy,gamemodes/modules/komendy/commands/fskin/fskin_impl.pwn,True,pending
getantidote,,,filterscripts,filterscripts/zombiescript.pwn,False,not-loaded-by-v2.8.8
getcar,,everyone,komendy,gamemodes/modules/komendy/commands/getcar/getcar_impl.pwn,True,pending
gethere,tm,everyone,komendy,gamemodes/modules/komendy/commands/gethere/gethere_impl.pwn,True,pending
getimmunity,sprawdzodpornosc,everyone,choroby,gamemodes/modules/choroby/commands/getimmunity/getimmunity_impl.pwn,True,pending
getint,,everyone,komendy,gamemodes/modules/komendy/commands/getint/getint_impl.pwn,True,pending
getposp,getpos,everyone,komendy,gamemodes/modules/komendy/commands/getposp/getposp_impl.pwn,True,pending
getvw,,everyone,komendy,gamemodes/modules/komendy/commands/getvw/getvw_impl.pwn,True,pending
giveaccessfs,,,filterscripts,filterscripts/zombiescript.pwn,False,not-loaded-by-v2.8.8
givegun,,everyone,komendy,gamemodes/modules/komendy/commands/givegun/givegun_impl.pwn,True,pending
giveroom,dajpokoj dajwynajem,everyone,komendy,gamemodes/modules/komendy/commands/giveroom/giveroom_impl.pwn,True,pending
glosnik,sanradio,everyone,komendy,gamemodes/modules/komendy/commands/glosnik/glosnik_impl.pwn,True,pending
glosowanie,,everyone,komendy,gamemodes/modules/komendy/commands/glosowanie/glosowanie_impl.pwn,True,pending
glosuj,,,filterscripts,filterscripts/wybory.pwn,False,not-loaded-by-v2.8.8
goto,to,everyone,komendy,gamemodes/modules/komendy/commands/goto/goto_impl.pwn,True,pending
gotoadmin,,everyone,komendy,gamemodes/modules/komendy/commands/gotoadmin/gotoadmin_impl.pwn,True,pending
gotobank,,everyone,komendy,gamemodes/modules/komendy/commands/gotobank/gotobank_impl.pwn,True,pending
gotobiz,,everyone,biznesy,gamemodes/modules/biznesy/commands/gotobiz/gotobiz_impl.pwn,True,pending
gotobox,,admini,movables,gamemodes/modules/movables/commands/gotobox/gotobox_impl.pwn,True,pending
gotocar,,everyone,komendy,gamemodes/modules/komendy/commands/gotocar/gotocar_impl.pwn,True,pending
gotoczit,,everyone,komendy,gamemodes/modules/komendy/commands/gotoczit/gotoczit_impl.pwn,True,pending
gotodom,,everyone,komendy,gamemodes/modules/komendy/commands/gotodom/gotodom_impl.pwn,True,pending
gotofrontbiz,gotofb,everyone,front_business,gamemodes/modules/front_business/commands/gotofrontbiz/gotofrontbiz_impl.pwn,True,pending
gotoin,,everyone,komendy,gamemodes/modules/komendy/commands/gotoin/gotoin_impl.pwn,True,pending
gotoint,,everyone,komendy,gamemodes/modules/komendy/commands/gotoint/gotoint_impl.pwn,True,pending
gotojet,,everyone,komendy,gamemodes/modules/komendy/commands/gotojet/gotojet_impl.pwn,True,pending
gotojob,,everyone,prace,gamemodes/modules/prace/commands/gotojob/gotojob_impl.pwn,True,pending
gotols,,everyone,komendy,gamemodes/modules/komendy/commands/gotols/gotols_impl.pwn,True,pending
gotolv,,everyone,komendy,gamemodes/modules/komendy/commands/gotolv/gotolv_impl.pwn,True,pending
gotomark,,everyone,komendy,gamemodes/modules/komendy/commands/gotomark/gotomark_impl.pwn,True,pending
gotomechy,,everyone,komendy,gamemodes/modules/komendy/commands/gotomechy/gotomechy_impl.pwn,True,pending
gotopos,,everyone,komendy,gamemodes/modules/komendy/commands/gotopos/gotopos_impl.pwn,True,pending
gotosalon,,everyone,komendy,gamemodes/modules/komendy/commands/gotosalon/gotosalon_impl.pwn,True,pending
gotosf,,everyone,komendy,gamemodes/modules/komendy/commands/gotosf/gotosf_impl.pwn,True,pending
gotostacja,,everyone,komendy,gamemodes/modules/komendy/commands/gotostacja/gotostacja_impl.pwn,True,pending
gotostad,,everyone,komendy,gamemodes/modules/komendy/commands/gotostad/gotostad_impl.pwn,True,pending
gotoszpital,,everyone,komendy,gamemodes/modules/komendy/commands/gotoszpital/gotoszpital_impl.pwn,True,pending
gotovc,,everyone,vicecity,gamemodes/modules/vicecity/commands/gotovc/gotovc_impl.pwn,True,pending
gotovcint,,everyone,vicecity,gamemodes/modules/vicecity/commands/gotovcint/gotovcint_impl.pwn,True,pending
gotowybory,,,filterscripts,filterscripts/wybory.pwn,False,not-loaded-by-v2.8.8
gps,,everyone,komendy,gamemodes/modules/komendy/commands/gps/gps_impl.pwn,True,pending
grafiti,graffiti,everyone,graffiti,gamemodes/modules/graffiti/commands/grafiti/grafiti_impl.pwn,True,pending
gspanel,gunshop,everyone,frontbiz_gunshop,gamemodes/modules/frontbiz_gunshop/commands/gspanel/gspanel_impl.pwn,True,pending
gwiazda,,,filterscripts,filterscripts/Firecrackers.pwn,False,not-loaded-by-v2.8.8
help,komendy pomoc,everyone,pomoc,gamemodes/modules/pomoc/commands/help/help_impl.pwn,True,pending
house,dom,everyone,komendy,gamemodes/modules/komendy/commands/house/house_impl.pwn,True,pending
houseinfo,dom_info dominfo,everyone,komendy,gamemodes/modules/komendy/commands/houseinfo/houseinfo_impl.pwn,True,pending
houseowner,,everyone,komendy,gamemodes/modules/komendy/commands/houseowner/houseowner_impl.pwn,True,pending
hpall,,everyone,komendy,gamemodes/modules/komendy/commands/hpall/hpall_impl.pwn,True,pending
hq,,everyone,komendy,gamemodes/modules/komendy/commands/hq/hq_impl.pwn,True,pending
hydraulika,,everyone,praca_mechanik,gamemodes/modules/praca_mechanik/commands/hydraulika/hydraulika_impl.pwn,True,pending
i,,everyone,komendy,gamemodes/modules/komendy/commands/i/i_impl.pwn,True,pending
icons,ikonki ikony,everyone,komendy,gamemodes/modules/komendy/commands/icons/icons_impl.pwn,True,pending
id,,everyone,komendy,gamemodes/modules/komendy/commands/id/id_impl.pwn,True,pending
idz,,everyone,komendy,gamemodes/modules/komendy/commands/idz/idz_impl.pwn,True,pending
innyspawn,spawnchange zmianaspawnu zmienspawn,everyone,komendy,gamemodes/modules/komendy/commands/innyspawn/innyspawn_impl.pwn,True,pending
inwigilacja,,everyone,komendy,gamemodes/modules/komendy/commands/inwigilacja/inwigilacja_impl.pwn,True,pending
ip,,everyone,komendy,gamemodes/modules/komendy/commands/ip/ip_impl.pwn,True,pending
ip5,,everyone,listaip,gamemodes/modules/listaip/commands/ip5/ip5_impl.pwn,True,pending
irc,,everyone,komendy,gamemodes/modules/komendy/commands/irc/irc_impl.pwn,True,pending
ircpomoc,irchelp,everyone,pomoc,gamemodes/modules/pomoc/commands/ircpomoc/ircpomoc_impl.pwn,True,pending
ja,me,everyone,komendy,gamemodes/modules/komendy/commands/ja/ja_impl.pwn,True,pending
jail,,everyone,komendy,gamemodes/modules/komendy/commands/jail/jail_impl.pwn,True,pending
jetpack,,everyone,praca_przemytnik,gamemodes/modules/praca_przemytnik/commands/jetpack/jetpack_impl.pwn,True,pending
jump,,everyone,komendy,gamemodes/modules/komendy/commands/jump/jump_impl.pwn,True,pending
k,krzyk,everyone,komendy,gamemodes/modules/komendy/commands/k/k_impl.pwn,True,pending
kamera,,everyone,komendy,gamemodes/modules/komendy/commands/kamera/kamera_impl.pwn,True,pending
kamera_wiezienie,kamera_w kamera_wiezienna kameraw kamerawiezienie kamerawiezienna,everyone,komendy,gamemodes/modules/komendy/commands/kamera_wiezienie/kamera_wiezienie_impl.pwn,True,pending
kamerau,,everyone,komendy,gamemodes/modules/komendy/commands/kamerau/kamerau_impl.pwn,True,pending
kamizelka,,everyone,komendy,gamemodes/modules/komendy/commands/kamizelka/kamizelka_impl.pwn,True,pending
kanister,fillcar,everyone,komendy,gamemodes/modules/komendy/commands/kanister/kanister_impl.pwn,True,pending
kasa,money,everyone,komendy,gamemodes/modules/komendy/commands/kasa/kasa_impl.pwn,True,pending
kask,,everyone,wypadek,gamemodes/modules/wypadek/commands/kask/kask_impl.pwn,True,pending
kaucja,bail,everyone,komendy,gamemodes/modules/komendy/commands/kaucja/kaucja_impl.pwn,True,pending
kb,kontobankowe,everyone,komendy,gamemodes/modules/komendy/commands/kb/kb_impl.pwn,True,pending
kick,,everyone,komendy,gamemodes/modules/komendy/commands/kick/kick_impl.pwn,True,pending
kickall,,everyone,komendy,gamemodes/modules/komendy/commands/kickall/kickall_impl.pwn,True,pending
kill,smierc szpital,everyone,bw,gamemodes/modules/bw/commands/kill/kill_impl.pwn,True,pending
killall,,everyone,komendy,gamemodes/modules/komendy/commands/killall/killall_impl.pwn,True,pending
kmwyniki,,everyone,komendy,gamemodes/modules/komendy/commands/kmwyniki/kmwyniki_impl.pwn,True,pending
kod,,everyone,komendy,gamemodes/modules/komendy/commands/kod/kod_impl.pwn,True,pending
kogut,sygnal syrena,everyone,komendy,gamemodes/modules/komendy/commands/kogut/kogut_impl.pwn,True,pending
kolejka,,everyone,komendy,gamemodes/modules/komendy/commands/kolejka/kolejka_impl.pwn,True,pending
kolo,kf kolofortuny,everyone,komendy,gamemodes/modules/komendy/commands/kolo/kolo_impl.pwn,True,pending
komandos,wino,everyone,komendy,gamemodes/modules/komendy/commands/komandos/komandos_impl.pwn,True,pending
komendacmd,cmd command komenda,everyone,komendy,gamemodes/modules/komendy/commands/komendacmd/komendacmd_impl.pwn,True,pending
komendycmd,cmds commands komendy,everyone,komendy,gamemodes/modules/komendy/commands/komendycmd/komendycmd_impl.pwn,True,pending
komentuj,km,everyone,komendy,gamemodes/modules/komendy/commands/komentuj/komentuj_impl.pwn,True,pending
konsola,,everyone,komendy,gamemodes/modules/komendy/commands/konsola/konsola_impl.pwn,True,pending
kontakty,kontakt,everyone,komendy,gamemodes/modules/komendy/commands/kontakty/kontakty_impl.pwn,True,pending
kontrakt,contract,everyone,komendy,gamemodes/modules/komendy/commands/kontrakt/kontrakt_impl.pwn,True,pending
konwoj,convoy,everyone,convoy,gamemodes/modules/convoy/commands/konwoj/konwoj_impl.pwn,True,pending
kostka,,everyone,komendy,gamemodes/modules/komendy/commands/kostka/kostka_impl.pwn,True,pending
kostka2,dice,everyone,komendy,gamemodes/modules/komendy/commands/kostka2/kostka2_impl.pwn,True,pending
koxubankot,,everyone,komendy,gamemodes/modules/komendy/commands/koxubankot/koxubankot_impl.pwn,True,pending
kradnij,,everyone,komendy,gamemodes/modules/komendy/commands/kradnij/kradnij_impl.pwn,True,pending
ksam,,everyone,komendy,gamemodes/modules/komendy/commands/ksam/ksam_impl.pwn,True,pending
ksiazkatel,ksiazka number numer sprawdznumber,everyone,komendy,gamemodes/modules/komendy/commands/ksiazkatel/ksiazkatel_impl.pwn,True,pending
kup,buy,everyone,komendy,gamemodes/modules/komendy/commands/kup/kup_impl.pwn,True,pending
kupbilet,,everyone,ibiza,gamemodes/modules/ibiza/commands/kupbilet/kupbilet_impl.pwn,True,pending
kupbiletpociag,kbpo kpociag,everyone,komendy,gamemodes/modules/komendy/commands/kupbiletpociag/kupbiletpociag_impl.pwn,True,pending
kupbiznes,,everyone,biznesy,gamemodes/modules/biznesy/commands/kupbiznes/kupbiznes_impl.pwn,True,pending
kupbron,,everyone,frontbiz_gunshop,gamemodes/modules/frontbiz_gunshop/commands/kupbron/kupbron_impl.pwn,True,pending
kupdildo,,everyone,komendy,gamemodes/modules/komendy/commands/kupdildo/kupdildo_impl.pwn,True,pending
kupdragi,buydrugs kupnarkotyki,everyone,praca_diler,gamemodes/modules/praca_diler/commands/kupdragi/kupdragi_impl.pwn,True,pending
kuphelikopter,buyheli buyhelicopter kupheli,everyone,komendy,gamemodes/modules/komendy/commands/kuphelikopter/kuphelikopter_impl.pwn,True,pending
kupkredyty,,everyone,komendy,gamemodes/modules/komendy/commands/kupkredyty/kupkredyty_impl.pwn,True,pending
kuplicencje,kuplic,everyone,urzadls,gamemodes/modules/urzadls/commands/kuplicencje/kuplicencje_impl.pwn,True,pending
kuplodzie,buyboat kuplodz kupstatek,everyone,komendy,gamemodes/modules/komendy/commands/kuplodzie/kuplodzie_impl.pwn,True,pending
kuporg,kuporganizacje zalozorganizacje,everyone,organizacje,gamemodes/modules/organizacje/commands/kuporg/kuporg_impl.pwn,True,pending
kupowaniedomu,buyhouse kupdom,everyone,komendy,gamemodes/modules/komendy/commands/kupowaniedomu/kupowaniedomu_impl.pwn,True,pending
kuppojazd,buycar kupauto kupmotocykl kupmotor kupsamochod,everyone,komendy,gamemodes/modules/komendy/commands/kuppojazd/kuppojazd_impl.pwn,True,pending
kuppozwolenie,,everyone,komendy,gamemodes/modules/komendy/commands/kuppozwolenie/kuppozwolenie_impl.pwn,True,pending
kupsamoloty,buyplane kuplot kupsamolot,everyone,komendy,gamemodes/modules/komendy/commands/kupsamoloty/kupsamoloty_impl.pwn,True,pending
kupskin,wybierzskin,everyone,komendy,gamemodes/modules/komendy/commands/kupskin/kupskin_impl.pwn,True,pending
kupwodolot,,everyone,pojazdy,gamemodes/modules/pojazdy/commands/kupwodolot/kupwodolot_impl.pwn,True,pending
kuracja,,everyone,choroby,gamemodes/modules/choroby/commands/kuracja/kuracja_impl.pwn,True,pending
kurs,fare,everyone,praca_kierowca,gamemodes/modules/praca_kierowca/commands/kurs/kurs_impl.pwn,True,pending
laptop,portable,everyone,komendy,gamemodes/modules/komendy/commands/laptop/laptop_impl.pwn,True,pending
licencje,licenses,everyone,komendy,gamemodes/modules/komendy/commands/licencje/licencje_impl.pwn,True,pending
lidercar,leadercar leaderveh liderveh,everyone,pojazdy,gamemodes/modules/pojazdy/commands/lidercar/lidercar_impl.pwn,True,pending
liderpomoc,leaderhelp liderhelp,everyone,pomoc,gamemodes/modules/pomoc/commands/liderpomoc/liderpomoc_impl.pwn,True,pending
liderranga,leaderranga leaderrangi leaderrank liderrangi liderrank,everyone,frakcje,gamemodes/modules/frakcje/commands/liderranga/liderranga_impl.pwn,True,pending
linie,,everyone,komendy,gamemodes/modules/komendy/commands/linie/linie_impl.pwn,True,pending
lkiz,,everyone,komendy,gamemodes/modules/komendy/commands/lkiz/lkiz_impl.pwn,True,pending
loadconfig,,everyone,komendy,gamemodes/modules/komendy/commands/loadconfig/loadconfig_impl.pwn,True,pending
loadinfo,,everyone,komendy,gamemodes/modules/komendy/commands/loadinfo/loadinfo_impl.pwn,True,pending
lock,unlock,everyone,komendy,gamemodes/modules/komendy/commands/lock/lock_impl.pwn,True,pending
lockdown,,admini,weryfikacje,gamemodes/modules/weryfikacje/commands/lockdown/lockdown_impl.pwn,True,pending
lockint,zamekint,everyone,komendy,gamemodes/modules/komendy/commands/lockint/lockint_impl.pwn,True,pending
login,,everyone,komendy,gamemodes/modules/komendy/commands/login/login_impl.pwn,True,pending
losowostworzdom,lcreatehouse lpostawdom lstworzdom ltworzdom lzrobdom,everyone,komendy,gamemodes/modules/komendy/commands/losowostworzdom/losowostworzdom_impl.pwn,True,pending
losowypozar,,everyone,komendy,gamemodes/modules/komendy/commands/losowypozar/losowypozar_impl.pwn,True,pending
lot,,everyone,komendy,gamemodes/modules/komendy/commands/lot/lot_impl.pwn,True,pending
lotto,,everyone,komendy,gamemodes/modules/komendy/commands/lotto/lotto_impl.pwn,True,pending
lowienie,fish low ryba wedka wedkuj zlap,everyone,fishing,gamemodes/modules/fishing/commands/lowienie/lowienie_impl.pwn,True,pending
lsmcelevator,,everyone,komendy,gamemodes/modules/komendy/commands/lsmcelevator/lsmcelevator_impl.pwn,True,pending
makeircadmin,,everyone,komendy,gamemodes/modules/komendy/commands/makeircadmin/makeircadmin_impl.pwn,True,pending
makeleader,,everyone,komendy,gamemodes/modules/komendy/commands/makeleader/makeleader_impl.pwn,True,pending
makemember,,everyone,komendy,gamemodes/modules/komendy/commands/makemember/makemember_impl.pwn,True,pending
makevlider,,everyone,komendy,gamemodes/modules/komendy/commands/makevlider/makevlider_impl.pwn,True,pending
malunek,maluj,everyone,praca_mechanik,gamemodes/modules/praca_mechanik/commands/malunek/malunek_impl.pwn,True,pending
malunki,paintjobs,everyone,praca_mechanik,gamemodes/modules/praca_mechanik/commands/malunki/malunki_impl.pwn,True,pending
mandacik,mandat ticket,everyone,komendy,gamemodes/modules/komendy/commands/mandacik/mandacik_impl.pwn,True,pending
mark,,everyone,komendy,gamemodes/modules/komendy/commands/mark/mark_impl.pwn,True,pending
maseczka,dajmaseczke sprzedajmaseczke,everyone,choroby,gamemodes/modules/choroby/commands/maseczka/maseczka_impl.pwn,True,pending
maska,,everyone,komendy,gamemodes/modules/komendy/commands/maska/maska_impl.pwn,True,pending
materialy,materials mats,everyone,komendy,gamemodes/modules/komendy/commands/materialy/materialy_impl.pwn,True,pending
mdc,,everyone,komendy,gamemodes/modules/komendy/commands/mdc/mdc_impl.pwn,True,pending
megafon,m megaphone,everyone,komendy,gamemodes/modules/komendy/commands/megafon/megafon_impl.pwn,True,pending
mi,deathwarning mordinfo warningdeath,everyone,komendy,gamemodes/modules/komendy/commands/mi/mi_impl.pwn,True,pending
mikser,,everyone,komendy,gamemodes/modules/komendy/commands/mikser/mikser_impl.pwn,True,pending
mojeauta,mojeauto,everyone,komendy,gamemodes/modules/komendy/commands/mojeauta/mojeauta_impl.pwn,True,pending
mojskin,,everyone,komendy,gamemodes/modules/komendy/commands/mojskin/mojskin_impl.pwn,True,pending
mole,,everyone,komendy,gamemodes/modules/komendy/commands/mole/mole_impl.pwn,True,pending
mp3,music muzyka,everyone,komendy,gamemodes/modules/komendy/commands/mp3/mp3_impl.pwn,True,pending
mruczniki,,,filterscripts,filterscripts/Mruczniki_2016.pwn,False,not-loaded-by-v2.8.8
msgbox,,everyone,komendy,gamemodes/modules/komendy/commands/msgbox/msgbox_impl.pwn,True,pending
muzyczka,,everyone,komendy,gamemodes/modules/komendy/commands/muzyczka/muzyczka_impl.pwn,True,pending
myfrac,,,legacy,gamemodes/obiekty/skrypt/objecttest.pwn,False,not-loaded-by-v2.8.8
myorg,,,legacy,gamemodes/obiekty/skrypt/objecttest.pwn,False,not-loaded-by-v2.8.8
namierz,find szukaj znajdz,everyone,komendy,gamemodes/modules/komendy/commands/namierz/namierz_impl.pwn,True,pending
napad,,,napady,gamemodes/modules/napady/commands/napad/napad_impl.pwn,True,pending
napadoff,,,napady,gamemodes/modules/napady/commands/napadoff/napadoff_impl.pwn,True,pending
napadon,,,napady,gamemodes/modules/napady/commands/napadon/napadon_impl.pwn,True,pending
napraw,repair,everyone,praca_mechanik,gamemodes/modules/praca_mechanik/commands/napraw/napraw_impl.pwn,True,pending
naprawpojazd,,everyone,praca_mechanik,gamemodes/modules/praca_mechanik/commands/naprawpojazd/naprawpojazd_impl.pwn,True,pending
nastepnylevel,buylevel kuplevel nextlevel,everyone,komendy,gamemodes/modules/komendy/commands/nastepnylevel/nastepnylevel_impl.pwn,True,pending
naucz,,everyone,komendy,gamemodes/modules/komendy/commands/naucz/naucz_impl.pwn,True,pending
nazywo,live wywiad,everyone,komendy,gamemodes/modules/komendy/commands/nazywo/nazywo_impl.pwn,True,pending
newbie,n,everyone,komendy,gamemodes/modules/komendy/commands/newbie/newbie_impl.pwn,True,pending
newcar,,everyone,komendy,gamemodes/modules/komendy/commands/newcar/newcar_impl.pwn,True,pending
news,wiadomosc,everyone,sannews,gamemodes/modules/sannews/commands/news/news_impl.pwn,True,pending
news2,,everyone,komendy,gamemodes/modules/komendy/commands/news2/news2_impl.pwn,True,pending
nitro,nos,everyone,praca_mechanik,gamemodes/modules/praca_mechanik/commands/nitro/nitro_impl.pwn,True,pending
nonewbie,,everyone,komendy,gamemodes/modules/komendy/commands/nonewbie/nonewbie_impl.pwn,True,pending
noooc,,everyone,komendy,gamemodes/modules/komendy/commands/noooc/noooc_impl.pwn,True,pending
o,ooc,everyone,komendy,gamemodes/modules/komendy/commands/o/o_impl.pwn,True,pending
obiz,bizad buisnessad ogloszeniebiz ogloszeniebiznesowe,everyone,biznesy,gamemodes/modules/biznesy/commands/obiz/obiz_impl.pwn,True,pending
objectsdebug,,everyone,vicecity,gamemodes/modules/vicecity/commands/objectsdebug/objectsdebug_impl.pwn,True,pending
obrazenia,,everyone,komendy,gamemodes/modules/komendy/commands/obrazenia/obrazenia_impl.pwn,True,pending
oczyscmdc,,everyone,komendy,gamemodes/modules/komendy/commands/oczyscmdc/oczyscmdc_impl.pwn,True,pending
od,odbierz,everyone,komendy,gamemodes/modules/komendy/commands/od/od_impl.pwn,True,pending
odmroz,unfreeze,everyone,komendy,gamemodes/modules/komendy/commands/odmroz/odmroz_impl.pwn,True,pending
odmv,,everyone,komendy,gamemodes/modules/komendy/commands/odmv/odmv_impl.pwn,True,pending
odpal,,everyone,komendy,gamemodes/modules/komendy/commands/odpal/odpal_impl.pwn,True,pending
odpornosc,,everyone,choroby,gamemodes/modules/choroby/commands/odpornosc/odpornosc_impl.pwn,True,pending
odznaka,,everyone,komendy,gamemodes/modules/komendy/commands/odznaka/odznaka_impl.pwn,True,pending
og,ad advertise ogloszenie,everyone,komendy,gamemodes/modules/komendy/commands/og/og_impl.pwn,True,pending
okienko,,everyone,komendy,gamemodes/modules/komendy/commands/okienko/okienko_impl.pwn,True,pending
oldcar,,everyone,komendy,gamemodes/modules/komendy/commands/oldcar/oldcar_impl.pwn,True,pending
op,odepnijpas odepnijpasy,everyone,wypadek,gamemodes/modules/wypadek/commands/op/op_impl.pwn,True,pending
opis,,everyone,komendy,gamemodes/modules/komendy/commands/opis/opis_impl.pwn,True,pending
opispomoc,deschelp descriptionhelp,everyone,pomoc,gamemodes/modules/pomoc/commands/opispomoc/opispomoc_impl.pwn,True,pending
opuscdom,zlomujdom zlomujhouse,everyone,komendy,gamemodes/modules/komendy/commands/opuscdom/opuscdom_impl.pwn,True,pending
orgbiz,bizorg orgb orgbiznes,everyone,front_business,gamemodes/modules/front_business/commands/orgbiz/orgbiz_impl.pwn,True,pending
orgpanel,panelorg panelorganizacji panelrodziny pr rpanel,everyone,organizacje,gamemodes/modules/organizacje/commands/orgpanel/orgpanel_impl.pwn,True,pending
orgpomoc,frachelp fracpomoc fractionhelp frakcjapomoc organizacjapomoc organizationhelp orghelp,everyone,pomoc,gamemodes/modules/pomoc/commands/orgpomoc/orgpomoc_impl.pwn,True,pending
orgs,biznesy gangi mafie organizacje rodziny,everyone,organizacje,gamemodes/modules/organizacje/commands/orgs/orgs_impl.pwn,True,pending
otworzlinie,,everyone,komendy,gamemodes/modules/komendy/commands/otworzlinie/otworzlinie_impl.pwn,True,pending
owarsztat,,everyone,komendy,gamemodes/modules/komendy/commands/owarsztat/owarsztat_impl.pwn,True,pending
paj,,everyone,komendy,gamemodes/modules/komendy/commands/paj/paj_impl.pwn,True,pending
paka,,everyone,komendy,gamemodes/modules/komendy/commands/paka/paka_impl.pwn,True,pending
paliwo,fuel licznikpaliwa,everyone,komendy,gamemodes/modules/komendy/commands/paliwo/paliwo_impl.pwn,True,pending
pancerz,,everyone,praca_przemytnik,gamemodes/modules/praca_przemytnik/commands/pancerz/pancerz_impl.pwn,True,pending
panel,,everyone,komendy,gamemodes/modules/komendy/commands/panel/panel_impl.pwn,True,pending
panelbasenu,,everyone,komendy,gamemodes/modules/komendy/commands/panelbasenu/panelbasenu_impl.pwn,True,pending
panelbiznesu,bizpan bizpanel panelbiz,everyone,biznesy,gamemodes/modules/biznesy/commands/panelbiznesu/panelbiznesu_impl.pwn,True,pending
panelibizy,ibiza panelibiza,everyone,ibiza,gamemodes/modules/ibiza/commands/panelibizy/panelibizy_impl.pwn,True,pending
panelvinyl,,everyone,komendy,gamemodes/modules/komendy/commands/panelvinyl/panelvinyl_impl.pwn,True,pending
paralizator,taser tazer,everyone,komendy,gamemodes/modules/komendy/commands/paralizator/paralizator_impl.pwn,True,pending
patrol,,everyone,komendy,gamemodes/modules/komendy/commands/patrol/patrol_impl.pwn,True,pending
payday,,everyone,debug,gamemodes/modules/debug/commands/payday/payday_impl.pwn,True,pending
pban,,everyone,komendy,gamemodes/modules/komendy/commands/pban/pban_impl.pwn,True,pending
pblok,pblock,everyone,komendy,gamemodes/modules/komendy/commands/pblok/pblok_impl.pwn,True,pending
personalizuj,personalizacja personalize ustawienia,everyone,komendy,gamemodes/modules/komendy/commands/personalizuj/personalizuj_impl.pwn,True,pending
piwo,,everyone,komendy,gamemodes/modules/komendy/commands/piwo/piwo_impl.pwn,True,pending
pjtest,,everyone,komendy,gamemodes/modules/komendy/commands/pjtest/pjtest_impl.pwn,True,pending
pl,pokazlicencje showlicenses,everyone,komendy,gamemodes/modules/komendy/commands/pl/pl_impl.pwn,True,pending
plac,pay zaplac,everyone,komendy,gamemodes/modules/komendy/commands/plac/plac_impl.pwn,True,pending
placmedyk,,everyone,komendy,gamemodes/modules/komendy/commands/placmedyk/placmedyk_impl.pwn,True,pending
po,poszukuj su suspect,everyone,komendy,gamemodes/modules/komendy/commands/po/po_impl.pwn,True,pending
pobij,,everyone,bijatyki,gamemodes/modules/bijatyki/commands/pobij/pobij_impl.pwn,True,pending
podatek,settax,everyone,komendy,gamemodes/modules/komendy/commands/podatek/podatek_impl.pwn,True,pending
poddajesie,,everyone,komendy,gamemodes/modules/komendy/commands/poddajesie/poddajesie_impl.pwn,True,pending
poddajsie,,everyone,komendy,gamemodes/modules/komendy/commands/poddajsie/poddajsie_impl.pwn,True,pending
podglad,,everyone,komendy,gamemodes/modules/komendy/commands/podglad/podglad_impl.pwn,True,pending
podszyj,,everyone,frakcja_lspd,gamemodes/modules/frakcja_lspd/commands/podszyj/podszyj_impl.pwn,True,pending
pogodaall,weatherall,everyone,komendy,gamemodes/modules/komendy/commands/pogodaall/pogodaall_impl.pwn,True,pending
pojazdygracza,,everyone,komendy,gamemodes/modules/komendy/commands/pojazdygracza/pojazdygracza_impl.pwn,True,pending
pokazcb,,everyone,komendy,gamemodes/modules/komendy/commands/pokazcb/pokazcb_impl.pwn,True,pending
pokazdowod,dowod,everyone,komendy,gamemodes/modules/komendy/commands/pokazdowod/pokazdowod_impl.pwn,True,pending
polej,,everyone,komendy,gamemodes/modules/komendy/commands/polej/polej_impl.pwn,True,pending
pos,,,filterscripts,filterscripts/colorchange.pwn,False,not-loaded-by-v2.8.8
poszukuj,,everyone,komendy,gamemodes/modules/komendy/commands/poszukuj/poszukuj_impl.pwn,True,pending
pozwolenie,,everyone,komendy,gamemodes/modules/komendy/commands/pozwolenie/pozwolenie_impl.pwn,True,pending
pracapomoc,jobhelp jobpomoc,everyone,pomoc,gamemodes/modules/pomoc/commands/pracapomoc/pracapomoc_impl.pwn,True,pending
pracownicy,czlonkowie,everyone,organizacje,gamemodes/modules/organizacje/commands/pracownicy/pracownicy_impl.pwn,True,pending
premiumpanel,dotacje kp premium,everyone,premium,gamemodes/modules/premium/commands/premiumpanel/premiumpanel_impl.pwn,True,pending
premiumskin,,everyone,premium,gamemodes/modules/premium/commands/premiumskin/premiumskin_impl.pwn,True,pending
prezent,,,filterscripts,filterscripts/sanie.pwn,False,not-loaded-by-v2.8.8
profiler,,everyone,admin,gamemodes/modules/admin/commands/profiler/profiler_impl.pwn,True,pending
przebierz,,everyone,komendy,gamemodes/modules/komendy/commands/przebierz/przebierz_impl.pwn,True,pending
przedmiotycmd,p przedmioty,everyone,komendy,gamemodes/modules/komendy/commands/przedmiotycmd/przedmiotycmd_impl.pwn,True,pending
przejazd,,everyone,komendy,gamemodes/modules/komendy/commands/przejazd/przejazd_impl.pwn,True,pending
przelew,przelej transfer wiretransfer,everyone,komendy,gamemodes/modules/komendy/commands/przelew/przelew_impl.pwn,True,pending
przemyt,,everyone,praca_przemytnik,gamemodes/modules/praca_przemytnik/commands/przemyt/przemyt_impl.pwn,True,pending
przeszukaj,frisk,everyone,komendy,gamemodes/modules/komendy/commands/przeszukaj/przeszukaj_impl.pwn,True,pending
przyjmij,invite,everyone,komendy,gamemodes/modules/komendy/commands/przyjmij/przyjmij_impl.pwn,True,pending
pwarn,,everyone,komendy,gamemodes/modules/komendy/commands/pwarn/pwarn_impl.pwn,True,pending
qf,quitfrakcja,everyone,komendy,gamemodes/modules/komendy/commands/qf/qf_impl.pwn,True,pending
quitbusiness,opuscbiz opuscbiznes qb quitbiz quitbiznes,everyone,biznesy,gamemodes/modules/biznesy/commands/quitbusiness/quitbusiness_impl.pwn,True,pending
quitpraca,opuscprace quitjob,everyone,komendy,gamemodes/modules/komendy/commands/quitpraca/quitpraca_impl.pwn,True,pending
r,radio,everyone,komendy,gamemodes/modules/komendy/commands/r/r_impl.pwn,True,pending
radiostacja,,everyone,komendy,gamemodes/modules/komendy/commands/radiostacja/radiostacja_impl.pwn,True,pending
rakieta,,,filterscripts,filterscripts/Firecrackers.pwn,False,not-loaded-by-v2.8.8
ranny,,everyone,komendy,gamemodes/modules/komendy/commands/ranny/ranny_impl.pwn,True,pending
rapidfly,,everyone,komendy,gamemodes/modules/komendy/commands/rapidfly/rapidfly_impl.pwn,True,pending
raport,report,everyone,komendy,gamemodes/modules/komendy/commands/raport/raport_impl.pwn,True,pending
re,reply,everyone,komendy,gamemodes/modules/komendy/commands/re/re_impl.pwn,True,pending
record,rec recordnpc,everyone,npc,gamemodes/modules/npc/commands/record/record_impl.pwn,True,pending
red,,everyone,komendy,gamemodes/modules/komendy/commands/red/red_impl.pwn,True,pending
reflektor,,everyone,komendy,gamemodes/modules/komendy/commands/reflektor/reflektor_impl.pwn,True,pending
reklama,ha,everyone,komendy,gamemodes/modules/komendy/commands/reklama/reklama_impl.pwn,True,pending
reloadbans,,everyone,komendy,gamemodes/modules/komendy/commands/reloadbans/reloadbans_impl.pwn,True,pending
reloadwybory,,,filterscripts,filterscripts/wybory.pwn,False,not-loaded-by-v2.8.8
removecar,,everyone,komendy,gamemodes/modules/komendy/commands/removecar/removecar_impl.pwn,True,pending
removeganglimit,,everyone,komendy,gamemodes/modules/komendy/commands/removeganglimit/removeganglimit_impl.pwn,True,pending
removezoneprotect,,everyone,komendy,gamemodes/modules/komendy/commands/removezoneprotect/removezoneprotect_impl.pwn,True,pending
rentroom,wynajem wynajmij wynajmijpokoj wynajmuj,everyone,komendy,gamemodes/modules/komendy/commands/rentroom/rentroom_impl.pwn,True,pending
reset_ulepszen,resetuj_ulepszenia resetujulepszenia resetulepszen resetupgrades,everyone,komendy,gamemodes/modules/komendy/commands/reset_ulepszen/reset_ulepszen_impl.pwn,True,pending
resetsejfhasla,,everyone,komendy,gamemodes/modules/komendy/commands/resetsejfhasla/resetsejfhasla_impl.pwn,True,pending
resms,res,everyone,komendy,gamemodes/modules/komendy/commands/resms/resms_impl.pwn,True,pending
respawn,,everyone,komendy,gamemodes/modules/komendy/commands/respawn/respawn_impl.pwn,True,pending
respawncar,respcar,everyone,komendy,gamemodes/modules/komendy/commands/respawncar/respawncar_impl.pwn,True,pending
respawnplayer,respp,everyone,komendy,gamemodes/modules/komendy/commands/respawnplayer/respawnplayer_impl.pwn,True,pending
restart,,everyone,komendy,gamemodes/modules/komendy/commands/restart/restart_impl.pwn,True,pending
rezonans,,everyone,komendy,gamemodes/modules/komendy/commands/rezonans/rezonans_impl.pwn,True,pending
rodzinny,f family,everyone,komendy,gamemodes/modules/komendy/commands/rodzinny/rodzinny_impl.pwn,True,pending
roleta,,everyone,komendy,gamemodes/modules/komendy/commands/roleta/roleta_impl.pwn,True,pending
rooc,radioooc ro,everyone,komendy,gamemodes/modules/komendy/commands/rooc/rooc_impl.pwn,True,pending
rozbierz,,everyone,komendy,gamemodes/modules/komendy/commands/rozbierz/rozbierz_impl.pwn,True,pending
rozkuj,odkuj uncuff,everyone,kajdanki,gamemodes/modules/kajdanki/commands/rozkuj/rozkuj_impl.pwn,True,pending
rozwiaz,odwiaz untie,everyone,komendy,gamemodes/modules/komendy/commands/rozwiaz/rozwiaz_impl.pwn,True,pending
rozwiedz,,everyone,komendy,gamemodes/modules/komendy/commands/rozwiedz/rozwiedz_impl.pwn,True,pending
rozwod,,everyone,komendy,gamemodes/modules/komendy/commands/rozwod/rozwod_impl.pwn,True,pending
ruleta,ruletka,everyone,komendy,gamemodes/modules/komendy/commands/ruleta/ruleta_impl.pwn,True,pending
ryby,fishes,everyone,fishing,gamemodes/modules/fishing/commands/ryby/ryby_impl.pwn,True,pending
rybypomoc,fishhelp,everyone,pomoc,gamemodes/modules/pomoc/commands/rybypomoc/rybypomoc_impl.pwn,True,pending
sad,,everyone,komendy,gamemodes/modules/komendy/commands/sad/sad_impl.pwn,True,pending
samppomoc,samphelp,everyone,pomoc,gamemodes/modules/pomoc/commands/samppomoc/samppomoc_impl.pwn,True,pending
sanie,,,filterscripts,filterscripts/sanie.pwn,False,not-loaded-by-v2.8.8
sasc,,,filterscripts,filterscripts/SAN_extPSq.pwn,False,not-loaded-by-v2.8.8
say,l local,everyone,komendy,gamemodes/modules/komendy/commands/say/say_impl.pwn,True,pending
sb,sprawdzbron szukajbroni,everyone,komendy,gamemodes/modules/komendy/commands/sb/sb_impl.pwn,True,pending
sban,,everyone,komendy,gamemodes/modules/komendy/commands/sban/sban_impl.pwn,True,pending
sblock,,everyone,komendy,gamemodes/modules/komendy/commands/sblock/sblock_impl.pwn,True,pending
sblok,sblock,everyone,komendy,gamemodes/modules/komendy/commands/sblok/sblok_impl.pwn,True,pending
scena,,everyone,sceny,gamemodes/modules/sceny/commands/scena/scena_impl.pwn,True,pending
scenaallow,,everyone,sceny,gamemodes/modules/sceny/commands/scenaallow/scenaallow_impl.pwn,True,pending
scenadisallow,,everyone,sceny,gamemodes/modules/sceny/commands/scenadisallow/scenadisallow_impl.pwn,True,pending
screenshot,ss,everyone,komendy,gamemodes/modules/komendy/commands/screenshot/screenshot_impl.pwn,True,pending
sejf,sejfr,everyone,organizacje,gamemodes/modules/organizacje/commands/sejf/sejf_impl.pwn,True,pending
sejfpomoc,sejf sejfpanel,everyone,komendy,gamemodes/modules/komendy/commands/sejfpomoc/sejfpomoc_impl.pwn,True,pending
selldom,sellhouse sprzedajdom,everyone,komendy,gamemodes/modules/komendy/commands/selldom/selldom_impl.pwn,True,pending
selldrugs,sprzedajdragi sprzedajnarkotyki,everyone,praca_diler,gamemodes/modules/praca_diler/commands/selldrugs/selldrugs_impl.pwn,True,pending
sellkontrabanda,sellcontraband sellkontraband sellkontrabande sprzedajkontrabande,everyone,praca_przemytnik,gamemodes/modules/praca_przemytnik/commands/sellkontrabanda/sellkontrabanda_impl.pwn,True,pending
sellkontrabandabot,sprzedajkontrabandebot,everyone,frontbiz_gunshop,gamemodes/modules/frontbiz_gunshop/commands/sellkontrabandabot/sellkontrabandabot_impl.pwn,True,pending
setactoranime,,everyone,komendy,gamemodes/modules/komendy/commands/setactoranime/setactoranime_impl.pwn,True,pending
setarmor,,everyone,komendy,gamemodes/modules/komendy/commands/setarmor/setarmor_impl.pwn,True,pending
setcarhp,,everyone,komendy,gamemodes/modules/komendy/commands/setcarhp/setcarhp_impl.pwn,True,pending
setcarint,,everyone,komendy,gamemodes/modules/komendy/commands/setcarint/setcarint_impl.pwn,True,pending
setcarvw,,everyone,komendy,gamemodes/modules/komendy/commands/setcarvw/setcarvw_impl.pwn,True,pending
setdrunk,,everyone,komendy,gamemodes/modules/komendy/commands/setdrunk/setdrunk_impl.pwn,True,pending
setfrac,,,legacy,gamemodes/obiekty/skrypt/objecttest.pwn,False,not-loaded-by-v2.8.8
setimmunity,ustawodpornosc,everyone,choroby,gamemodes/modules/choroby/commands/setimmunity/setimmunity_impl.pwn,True,pending
setint,,everyone,komendy,gamemodes/modules/komendy/commands/setint/setint_impl.pwn,True,pending
setkontrabanda,,everyone,praca_przemytnik,gamemodes/modules/praca_przemytnik/commands/setkontrabanda/setkontrabanda_impl.pwn,True,pending
setmats,,everyone,komendy,gamemodes/modules/komendy/commands/setmats/setmats_impl.pwn,True,pending
setmc,,everyone,premium,gamemodes/modules/premium/commands/setmc/setmc_impl.pwn,True,pending
setname,,everyone,komendy,gamemodes/modules/komendy/commands/setname/setname_impl.pwn,True,pending
setorg,,,legacy,gamemodes/obiekty/skrypt/objecttest.pwn,False,not-loaded-by-v2.8.8
setplocal,,everyone,komendy,gamemodes/modules/komendy/commands/setplocal/setplocal_impl.pwn,True,pending
setpogoda,dajpogode setweather,everyone,komendy,gamemodes/modules/komendy/commands/setpogoda/setpogoda_impl.pwn,True,pending
setserverpass,ssp,everyone,komendy,gamemodes/modules/komendy/commands/setserverpass/setserverpass_impl.pwn,True,pending
setskin,,everyone,komendy,gamemodes/modules/komendy/commands/setskin/setskin_impl.pwn,True,pending
setslot,,everyone,komendy,gamemodes/modules/komendy/commands/setslot/setslot_impl.pwn,True,pending
setstat,,everyone,komendy,gamemodes/modules/komendy/commands/setstat/setstat_impl.pwn,True,pending
setstrong,,everyone,komendy,gamemodes/modules/komendy/commands/setstrong/setstrong_impl.pwn,True,pending
setveh,setauto setcar zmienauto,everyone,komendy,gamemodes/modules/komendy/commands/setveh/setveh_impl.pwn,True,pending
setvregistration,setcarreg setrg,everyone,admin,gamemodes/modules/admin/commands/setvregistration/setvregistration_impl.pwn,True,pending
setvw,,everyone,komendy,gamemodes/modules/komendy/commands/setvw/setvw_impl.pwn,True,pending
setzombie,,,filterscripts,filterscripts/zombiescript.pwn,False,not-loaded-by-v2.8.8
setzonecontrol,,everyone,gangzone,gamemodes/modules/gangzone/commands/setzonecontrol/setzonecontrol_impl.pwn,True,pending
sex,,everyone,komendy,gamemodes/modules/komendy/commands/sex/sex_impl.pwn,True,pending
sh,,everyone,komendy,gamemodes/modules/komendy/commands/sh/sh_impl.pwn,True,pending
shotobject,shootobject,admini,admin,gamemodes/modules/admin/commands/shotobject/shotobject_impl.pwn,True,pending
showkary,,everyone,komendy,gamemodes/modules/komendy/commands/showkary/showkary_impl.pwn,True,pending
skick,,everyone,komendy,gamemodes/modules/komendy/commands/skick/skick_impl.pwn,True,pending
skill,,everyone,komendy,gamemodes/modules/komendy/commands/skill/skill_impl.pwn,True,pending
skinf,,everyone,komendy,gamemodes/modules/komendy/commands/skinf/skinf_impl.pwn,True,pending
skiny,unikat,everyone,premium,gamemodes/modules/premium/commands/skiny/skiny_impl.pwn,True,pending
skret,,everyone,komendy,gamemodes/modules/komendy/commands/skret/skret_impl.pwn,True,pending
skuj,cuff kajdanki,everyone,kajdanki,gamemodes/modules/kajdanki/commands/skuj/skuj_impl.pwn,True,pending
skydive,,everyone,komendy,gamemodes/modules/komendy/commands/skydive/skydive_impl.pwn,True,pending
slap,,everyone,komendy,gamemodes/modules/komendy/commands/slap/slap_impl.pwn,True,pending
slub,,everyone,komendy,gamemodes/modules/komendy/commands/slub/slub_impl.pwn,True,pending
sluzba,duty,everyone,komendy,gamemodes/modules/komendy/commands/sluzba/sluzba_impl.pwn,True,pending
sms,t txt,everyone,komendy,gamemodes/modules/komendy/commands/sms/sms_impl.pwn,True,pending
snn,,everyone,komendy,gamemodes/modules/komendy/commands/snn/snn_impl.pwn,True,pending
spawnall,spawnujauta spawnujpojazdy,everyone,pojazdy,gamemodes/modules/pojazdy/commands/spawnall/spawnall_impl.pwn,True,pending
spawnplayer,,,komendy,gamemodes/modules/komendy/commands/respawnplayer/respawnplayer_impl.pwn,True,pending
spec,,everyone,komendy,gamemodes/modules/komendy/commands/spec/spec_impl.pwn,True,pending
specshow,specshow,everyone,admin,gamemodes/modules/admin/commands/specshow/specshow_impl.pwn,True,pending
spoiler,spojler,everyone,komendy,gamemodes/modules/komendy/commands/spoiler/spoiler_impl.pwn,True,pending
spoilery,spojlery,everyone,komendy,gamemodes/modules/komendy/commands/spoilery/spoilery_impl.pwn,True,pending
sprawdzczasgry,getplaytime,everyone,komendy,gamemodes/modules/komendy/commands/sprawdzczasgry/sprawdzczasgry_impl.pwn,True,pending
sprawdzdom,checkdom,everyone,komendy,gamemodes/modules/komendy/commands/sprawdzdom/sprawdzdom_impl.pwn,True,pending
sprawdzin,,everyone,komendy,gamemodes/modules/komendy/commands/sprawdzin/sprawdzin_impl.pwn,True,pending
sprawdzinv,,everyone,komendy,gamemodes/modules/komendy/commands/sprawdzinv/sprawdzinv_impl.pwn,True,pending
sprawdzkase,,everyone,komendy,gamemodes/modules/komendy/commands/sprawdzkase/sprawdzkase_impl.pwn,True,pending
sprawdzkredyty,,everyone,komendy,gamemodes/modules/komendy/commands/sprawdzkredyty/sprawdzkredyty_impl.pwn,True,pending
sprawdzneon,,everyone,praca_mechanik,gamemodes/modules/praca_mechanik/commands/sprawdzneon/sprawdzneon_impl.pwn,True,pending
sprawdztest,,everyone,komendy,gamemodes/modules/komendy/commands/sprawdztest/sprawdztest_impl.pwn,True,pending
sprobuj,,everyone,komendy,gamemodes/modules/komendy/commands/sprobuj/sprobuj_impl.pwn,True,pending
sprunk,,everyone,komendy,gamemodes/modules/komendy/commands/sprunk/sprunk_impl.pwn,True,pending
sprzedajalkohol,sella sprzedaja,everyone,komendy,gamemodes/modules/komendy/commands/sprzedajalkohol/sprzedajalkohol_impl.pwn,True,pending
sprzedajapteczka,sprzedajapteczke,everyone,praca_medyk,gamemodes/modules/praca_medyk/commands/sprzedajapteczka/sprzedajapteczka_impl.pwn,True,pending
sprzedajauto,dajauto dajsamochod,everyone,komendy,gamemodes/modules/komendy/commands/sprzedajauto/sprzedajauto_impl.pwn,True,pending
sprzedajbiznes,,everyone,biznesy,gamemodes/modules/biznesy/commands/sprzedajbiznes/sprzedajbiznes_impl.pwn,True,pending
sprzedajbron,sellgun,everyone,komendy,gamemodes/modules/komendy/commands/sprzedajbron/sprzedajbron_impl.pwn,True,pending
sprzedajmaterialy,sprzedajmats,everyone,komendy,gamemodes/modules/komendy/commands/sprzedajmaterialy/sprzedajmaterialy_impl.pwn,True,pending
sprzedajmatsbot,,everyone,frontbiz_gunshop,gamemodes/modules/frontbiz_gunshop/commands/sprzedajmatsbot/sprzedajmatsbot_impl.pwn,True,pending
sprzedajneon,sellneon sprzedajneony zmienneon zmienneony,everyone,pojazdy,gamemodes/modules/pojazdy/commands/sprzedajneon/sprzedajneon_impl.pwn,True,pending
sprzedajprzemyt,sellprzemyt sellsmuggled sprzedajprzemyt,everyone,praca_przemytnik,gamemodes/modules/praca_przemytnik/commands/sprzedajprzemyt/sprzedajprzemyt_impl.pwn,True,pending
sprzedajrybe,sellfish sprzedajryby,everyone,fishing,gamemodes/modules/fishing/commands/sprzedajrybe/sprzedajrybe_impl.pwn,True,pending
sprzedajzestaw,,everyone,praca_mechanik,gamemodes/modules/praca_mechanik/commands/sprzedajzestaw/sprzedajzestaw_impl.pwn,True,pending
stan,stankonta,everyone,komendy,gamemodes/modules/komendy/commands/stan/stan_impl.pwn,True,pending
star2,,,filterscripts,filterscripts/Firecrackers.pwn,False,not-loaded-by-v2.8.8
startlotto,,everyone,komendy,gamemodes/modules/komendy/commands/startlotto/startlotto_impl.pwn,True,pending
startskinevent,,everyone,komendy,gamemodes/modules/komendy/commands/startskinevent/startskinevent_impl.pwn,True,pending
startujlekcje,startegzamin startlekcja startlesson zacznijlekcje,everyone,komendy,gamemodes/modules/komendy/commands/startujlekcje/startujlekcje_impl.pwn,True,pending
staty,stats statystyki,everyone,komendy,gamemodes/modules/komendy/commands/staty/staty_impl.pwn,True,pending
staty2,stats2,everyone,komendy,gamemodes/modules/komendy/commands/staty2/staty2_impl.pwn,True,pending
stopanim,stopani,everyone,komendy,gamemodes/modules/komendy/commands/stopanim/stopanim_impl.pwn,True,pending
stopbieg,,everyone,komendy,gamemodes/modules/komendy/commands/stopbieg/stopbieg_impl.pwn,True,pending
stoprecord,stoprec stoprecordnpc,everyone,npc,gamemodes/modules/npc/commands/stoprecord/stoprecord_impl.pwn,True,pending
streamer,,everyone,komendy,gamemodes/modules/komendy/commands/streamer/streamer_impl.pwn,True,pending
strefa,,,filterscripts,filterscripts/zombiescript.pwn,False,not-loaded-by-v2.8.8
strefagangu,gangzone,everyone,komendy,gamemodes/modules/komendy/commands/strefagangu/strefagangu_impl.pwn,True,pending
studia,,everyone,komendy,gamemodes/modules/komendy/commands/studia/studia_impl.pwn,True,pending
stworzbiznes,createbiz createbusiness stworzbiz,everyone,biznesy,gamemodes/modules/biznesy/commands/stworzbiznes/stworzbiznes_impl.pwn,True,pending
stworzdom,zrobdom,everyone,komendy,gamemodes/modules/komendy/commands/stworzdom/stworzdom_impl.pwn,True,pending
stworztrase,stworzwyscig,everyone,komendy,gamemodes/modules/komendy/commands/stworztrase/stworztrase_impl.pwn,True,pending
swat,,everyone,komendy,gamemodes/modules/komendy/commands/swat/swat_impl.pwn,True,pending
swiadek,witness,everyone,komendy,gamemodes/modules/komendy/commands/swiadek/swiadek_impl.pwn,True,pending
swieta,,,filterscripts,filterscripts/sanie.pwn,False,not-loaded-by-v2.8.8
sylwester2018,,,filterscripts,filterscripts/Sunny_IslandPARTY.pwn,False,not-loaded-by-v2.8.8
sylwestroweparty2017,,,filterscripts,filterscripts/Sunny_Island.pwn,False,not-loaded-by-v2.8.8
szept,cicho s,everyone,komendy,gamemodes/modules/komendy/commands/szept/szept_impl.pwn,True,pending
szturmowy,,everyone,komendy,gamemodes/modules/komendy/commands/szturmowy/szturmowy_impl.pwn,True,pending
szukani,poszukiwani wanted,everyone,komendy,gamemodes/modules/komendy/commands/szukani/szukani_impl.pwn,True,pending
tablet,,everyone,komendy,gamemodes/modules/komendy/commands/tablet/tablet_impl.pwn,True,pending
tankowanie,refill,everyone,praca_mechanik,gamemodes/modules/praca_mechanik/commands/tankowanie/tankowanie_impl.pwn,True,pending
tankujauta,fuelcars,everyone,komendy,gamemodes/modules/komendy/commands/tankujauta/tankujauta_impl.pwn,True,pending
tankveh,fuelcar tankujauto,everyone,komendy,gamemodes/modules/komendy/commands/tankveh/tankveh_impl.pwn,True,pending
taryfikator,,everyone,komendy,gamemodes/modules/komendy/commands/taryfikator/taryfikator_impl.pwn,True,pending
teczka,,everyone,komendy,gamemodes/modules/komendy/commands/teczka/teczka_impl.pwn,True,pending
telefonpomoc,callhelp phonehelp,everyone,pomoc,gamemodes/modules/pomoc/commands/telefonpomoc/telefonpomoc_impl.pwn,True,pending
teleturniej,,everyone,komendy,gamemodes/modules/komendy/commands/teleturniej/teleturniej_impl.pwn,True,pending
temat,,everyone,komendy,gamemodes/modules/komendy/commands/temat/temat_impl.pwn,True,pending
ticketend,,everyone,komendy,gamemodes/modules/komendy/commands/ticketend/ticketend_impl.pwn,True,pending
tickets,,everyone,komendy,gamemodes/modules/komendy/commands/tickets/tickets_impl.pwn,True,pending
tod,,everyone,komendy,gamemodes/modules/komendy/commands/tod/tod_impl.pwn,True,pending
togadmin,togadm,everyone,komendy,gamemodes/modules/komendy/commands/togadmin/togadmin_impl.pwn,True,pending
togadminmess,,everyone,komendy,gamemodes/modules/komendy/commands/togadminmess/togadminmess_impl.pwn,True,pending
togbw,,everyone,komendy,gamemodes/modules/komendy/commands/togbw/togbw_impl.pwn,True,pending
togcb,,everyone,komendy,gamemodes/modules/komendy/commands/togcb/togcb_impl.pwn,True,pending
togdepo,zablokujdepo,everyone,komendy,gamemodes/modules/komendy/commands/togdepo/togdepo_impl.pwn,True,pending
togfam,,everyone,komendy,gamemodes/modules/komendy/commands/togfam/togfam_impl.pwn,True,pending
togfinfo,,everyone,komendy,gamemodes/modules/komendy/commands/togfinfo/togfinfo_impl.pwn,True,pending
togglepozwo,,everyone,komendy,gamemodes/modules/komendy/commands/togglepozwo/togglepozwo_impl.pwn,True,pending
toglicznik,togspeed togtextdraw,everyone,komendy,gamemodes/modules/komendy/commands/toglicznik/toglicznik_impl.pwn,True,pending
togname,,everyone,komendy,gamemodes/modules/komendy/commands/togname/togname_impl.pwn,True,pending
tognewbie,togn,everyone,komendy,gamemodes/modules/komendy/commands/tognewbie/tognewbie_impl.pwn,True,pending
togooc,zablokujooc,everyone,komendy,gamemodes/modules/komendy/commands/togooc/togooc_impl.pwn,True,pending
togopis,,everyone,komendy,gamemodes/modules/komendy/commands/togopis/togopis_impl.pwn,True,pending
togparty,,,filterscripts,filterscripts/zombiescript.pwn,False,not-loaded-by-v2.8.8
togpodglad,,everyone,komendy,gamemodes/modules/komendy/commands/togpodglad/togpodglad_impl.pwn,True,pending
togro,,everyone,komendy,gamemodes/modules/komendy/commands/togro/togro_impl.pwn,True,pending
togscroll,,everyone,komendy,gamemodes/modules/komendy/commands/togscroll/togscroll_impl.pwn,True,pending
togtxda,,everyone,komendy,gamemodes/modules/komendy/commands/togtxda/togtxda_impl.pwn,True,pending
togvopis,,everyone,komendy,gamemodes/modules/komendy/commands/togvopis/togvopis_impl.pwn,True,pending
togwl,togcrime toghq,everyone,komendy,gamemodes/modules/komendy/commands/togwl/togwl_impl.pwn,True,pending
tp,,everyone,komendy,gamemodes/modules/komendy/commands/tp/tp_impl.pwn,True,pending
trampolina,,everyone,komendy,gamemodes/modules/komendy/commands/trampolina/trampolina_impl.pwn,True,pending
transport,,everyone,vicecity,gamemodes/modules/vicecity/commands/transport/transport_impl.pwn,True,pending
trasa,,everyone,praca_kierowca,gamemodes/modules/praca_kierowca/commands/trasa/trasa_impl.pwn,True,pending
trasy,wyscigi,everyone,komendy,gamemodes/modules/komendy/commands/trasy/trasy_impl.pwn,True,pending
trasybiegu,,everyone,komendy,gamemodes/modules/komendy/commands/trasybiegu/trasybiegu_impl.pwn,True,pending
ubranie,,everyone,komendy,gamemodes/modules/komendy/commands/ubranie/ubranie_impl.pwn,True,pending
ucisz,mute unmute,everyone,komendy,gamemodes/modules/komendy/commands/ucisz/ucisz_impl.pwn,True,pending
ugotuj,cook gotuj,everyone,cooking,gamemodes/modules/cooking/commands/ugotuj/ugotuj_impl.pwn,True,pending
uid,,everyone,komendy,gamemodes/modules/komendy/commands/uid/uid_impl.pwn,True,pending
ukradnij,,everyone,praca_zlodziej_aut,gamemodes/modules/praca_zlodziej_aut/commands/ukradnij/ukradnij_impl.pwn,True,pending
ulecz,,everyone,choroby,gamemodes/modules/choroby/commands/ulecz/ulecz_impl.pwn,True,pending
uleczall,healall,everyone,choroby,gamemodes/modules/choroby/commands/uleczall/uleczall_impl.pwn,True,pending
ulepsz,ulepszenia upgrade,everyone,komendy,gamemodes/modules/komendy/commands/ulepsz/ulepsz_impl.pwn,True,pending
unblock,,everyone,komendy,gamemodes/modules/komendy/commands/unblock/unblock_impl.pwn,True,pending
unbp,zdejmijbp,everyone,komendy,gamemodes/modules/komendy/commands/unbp/unbp_impl.pwn,True,pending
unbw,,everyone,komendy,gamemodes/modules/komendy/commands/unbw/unbw_impl.pwn,True,pending
undemorgan,prisonoff unprison,everyone,komendy,gamemodes/modules/komendy/commands/undemorgan/undemorgan_impl.pwn,True,pending
unfrakcja,,everyone,komendy,gamemodes/modules/komendy/commands/unfrakcja/unfrakcja_impl.pwn,True,pending
unjail,unaj,everyone,komendy,gamemodes/modules/komendy/commands/unjail/unjail_impl.pwn,True,pending
unmark,odznacz,everyone,antycheat,gamemodes/modules/antycheat/commands/unmark/unmark_impl.pwn,True,pending
unmaska,,everyone,komendy,gamemodes/modules/komendy/commands/unmaska/unmaska_impl.pwn,True,pending
unrentroom,niewynajmuj unrent,everyone,komendy,gamemodes/modules/komendy/commands/unrentroom/unrentroom_impl.pwn,True,pending
unspec,,everyone,komendy,gamemodes/modules/komendy/commands/unspec/unspec_impl.pwn,True,pending
unwarn,,everyone,komendy,gamemodes/modules/komendy/commands/unwarn/unwarn_impl.pwn,True,pending
up,,everyone,komendy,gamemodes/modules/komendy/commands/up/up_impl.pwn,True,pending
uprawnienia,,everyone,komendy,gamemodes/modules/komendy/commands/uprawnienia/uprawnienia_impl.pwn,True,pending
upusc,drop,everyone,money,gamemodes/modules/money/commands/upusc/upusc_impl.pwn,True,pending
ustawcena,,everyone,multiple,gamemodes/modules/komendy/commands/ustawcena/ustawcena_impl.pwn,True,pending
ustawmistrz,setchamp setmistrz,everyone,komendy,gamemodes/modules/komendy/commands/ustawmistrz/ustawmistrz_impl.pwn,True,pending
usunbiznes,deletebiz deletebusiness usunbiz,everyone,biznesy,gamemodes/modules/biznesy/commands/usunbiznes/usunbiznes_impl.pwn,True,pending
usunbron,ub,everyone,komendy,gamemodes/modules/komendy/commands/usunbron/usunbron_impl.pwn,True,pending
usunopis,,admini,komendy,gamemodes/modules/komendy/commands/usunopis/usunopis_impl.pwn,True,pending
usunpozar,,everyone,komendy,gamemodes/modules/komendy/commands/usunpozar/usunpozar_impl.pwn,True,pending
usunzaufanego,,everyone,komendy,gamemodes/modules/komendy/commands/usunzaufanego/usunzaufanego_impl.pwn,True,pending
uwb,,everyone,komendy,gamemodes/modules/komendy/commands/uwb/uwb_impl.pwn,True,pending
veh,,everyone,komendy,gamemodes/modules/komendy/commands/veh/veh_impl.pwn,True,pending
vinyl,,everyone,komendy,gamemodes/modules/komendy/commands/vinyl/vinyl_impl.pwn,True,pending
vopis,,everyone,komendy,gamemodes/modules/komendy/commands/vopis/vopis_impl.pwn,True,pending
vopispomoc,vdescriptionhelp vopishelp,everyone,pomoc,gamemodes/modules/pomoc/commands/vopispomoc/vopispomoc_impl.pwn,True,pending
walka,boks walcz,everyone,komendy,gamemodes/modules/komendy/commands/walka/walka_impl.pwn,True,pending
warn,,everyone,komendy,gamemodes/modules/komendy/commands/warn/warn_impl.pwn,True,pending
wczytajrangi,,everyone,komendy,gamemodes/modules/komendy/commands/wczytajrangi/wczytajrangi_impl.pwn,True,pending
wczytajskiny,,everyone,komendy,gamemodes/modules/komendy/commands/wczytajskiny/wczytajskiny_impl.pwn,True,pending
wczytajskrypt,,everyone,komendy,gamemodes/modules/komendy/commands/wczytajskrypt/wczytajskrypt_impl.pwn,True,pending
wejdz,enter,everyone,komendy,gamemodes/modules/komendy/commands/wejdz/wejdz_impl.pwn,True,pending
wejdzw,wyjdzw,everyone,komendy,gamemodes/modules/komendy/commands/wejdzw/wejdzw_impl.pwn,True,pending
wez,get,everyone,komendy,gamemodes/modules/komendy/commands/wez/wez_impl.pwn,True,pending
wezdragi,usedrugs weznarkotyki,everyone,praca_diler,gamemodes/modules/praca_diler/commands/wezdragi/wezdragi_impl.pwn,True,pending
wezportfel,,everyone,komendy,gamemodes/modules/komendy/commands/wezportfel/wezportfel_impl.pwn,True,pending
wezwij,service,everyone,komendy,gamemodes/modules/komendy/commands/wezwij/wezwij_impl.pwn,True,pending
wezwijwoz,callcar,everyone,komendy,gamemodes/modules/komendy/commands/wezwijwoz/wezwijwoz_impl.pwn,True,pending
wezzlecenie,zlecenie,everyone,komendy,gamemodes/modules/komendy/commands/wezzlecenie/wezzlecenie_impl.pwn,True,pending
wiadomosc,w,everyone,komendy,gamemodes/modules/komendy/commands/wiadomosc/wiadomosc_impl.pwn,True,pending
wieza,tower,everyone,komendy,gamemodes/modules/komendy/commands/wieza/wieza_impl.pwn,True,pending
winda,,everyone,komendy,gamemodes/modules/komendy/commands/winda/winda_impl.pwn,True,pending
winda2,,everyone,komendy,gamemodes/modules/komendy/commands/winda2/winda2_impl.pwn,True,pending
windalock,,everyone,komendy,gamemodes/modules/komendy/commands/windalock/windalock_impl.pwn,True,pending
witaj,,everyone,komendy,gamemodes/modules/komendy/commands/witaj/witaj_impl.pwn,True,pending
wizytowka,,everyone,komendy,gamemodes/modules/komendy/commands/wizytowka/wizytowka_impl.pwn,True,pending
wk,wyrzucklucze wyrzuckluczyki wywalklucze wywalkluczyki,everyone,komendy,gamemodes/modules/komendy/commands/wk/wk_impl.pwn,True,pending
wlsett,,everyone,komendy,gamemodes/modules/komendy/commands/wlsett/wlsett_impl.pwn,True,pending
wobiekt,,everyone,komendy,gamemodes/modules/komendy/commands/wobiekt/wobiekt_impl.pwn,True,pending
worek,,everyone,komendy,gamemodes/modules/komendy/commands/worek/worek_impl.pwn,True,pending
wplac,bank deposit,everyone,komendy,gamemodes/modules/komendy/commands/wplac/wplac_impl.pwn,True,pending
wrzuc,wepchaj wepchnij,everyone,komendy,gamemodes/modules/komendy/commands/wrzuc/wrzuc_impl.pwn,True,pending
wulkan,,,filterscripts,filterscripts/Firecrackers.pwn,False,not-loaded-by-v2.8.8
wybieralka,,everyone,komendy,gamemodes/modules/komendy/commands/wybieralka/wybieralka_impl.pwn,True,pending
wyczysc,clear oczysc,everyone,komendy,gamemodes/modules/komendy/commands/wyczysc/wyczysc_impl.pwn,True,pending
wyjdz,exit,everyone,komendy,gamemodes/modules/komendy/commands/wyjdz/wyjdz_impl.pwn,True,pending
wyjdzzombie,,,filterscripts,filterscripts/zombiescript.pwn,False,not-loaded-by-v2.8.8
wyjedz,wjedz,everyone,komendy,gamemodes/modules/komendy/commands/wyjedz/wyjedz_impl.pwn,True,pending
wyloguj,logout,everyone,komendy,gamemodes/modules/komendy/commands/wyloguj/wyloguj_impl.pwn,True,pending
wylogujall,logoutall,everyone,komendy,gamemodes/modules/komendy/commands/wylogujall/wylogujall_impl.pwn,True,pending
wylogujgracz,logoutpl,everyone,komendy,gamemodes/modules/komendy/commands/wylogujgracz/wylogujgracz_impl.pwn,True,pending
wymiana,,everyone,komendy,gamemodes/modules/komendy/commands/wymiana/wymiana_impl.pwn,True,pending
wynajempomoc,renthelp,everyone,pomoc,gamemodes/modules/pomoc/commands/wynajempomoc/wynajempomoc_impl.pwn,True,pending
wyniki,,everyone,komendy,gamemodes/modules/komendy/commands/wyniki/wyniki_impl.pwn,True,pending
wypij,drink pij,everyone,komendy,gamemodes/modules/komendy/commands/wypij/wypij_impl.pwn,True,pending
wypisz,wydaj,everyone,komendy,gamemodes/modules/komendy/commands/wypisz/wypisz_impl.pwn,True,pending
wyplac,withdraw,everyone,komendy,gamemodes/modules/komendy/commands/wyplac/wyplac_impl.pwn,True,pending
wypusc,free uwolnij,everyone,komendy,gamemodes/modules/komendy/commands/wypusc/wypusc_impl.pwn,True,pending
wypuscrybe,throwfish wywalrybe,everyone,fishing,gamemodes/modules/fishing/commands/wypuscrybe/wypuscrybe_impl.pwn,True,pending
wyrzucbronie,wb,everyone,komendy,gamemodes/modules/komendy/commands/wyrzucbronie/wyrzucbronie_impl.pwn,True,pending
wyscig,,everyone,komendy,gamemodes/modules/komendy/commands/wyscig/wyscig_impl.pwn,True,pending
wyscig_start,,everyone,komendy,gamemodes/modules/komendy/commands/wyscig_start/wyscig_start_impl.pwn,True,pending
wyscig_stop,,everyone,komendy,gamemodes/modules/komendy/commands/wyscig_stop/wyscig_stop_impl.pwn,True,pending
wywal,eject,everyone,komendy,gamemodes/modules/komendy/commands/wywal/wywal_impl.pwn,True,pending
wywalcb,,everyone,komendy,gamemodes/modules/komendy/commands/wywalcb/wywalcb_impl.pwn,True,pending
wywaldmv,wywalzdmv,everyone,komendy,gamemodes/modules/komendy/commands/wywaldmv/wywaldmv_impl.pwn,True,pending
wywaldragi,wd wyrzucdragi,everyone,komendy,gamemodes/modules/komendy/commands/wywaldragi/wywaldragi_impl.pwn,True,pending
wywalklub,,everyone,ibiza,gamemodes/modules/ibiza/commands/wywalklub/wywalklub_impl.pwn,True,pending
wywalmaterialy,,everyone,komendy,gamemodes/modules/komendy/commands/wywalmaterialy/wywalmaterialy_impl.pwn,True,pending
wywalryby,throwfishes wyrzucryby,everyone,fishing,gamemodes/modules/fishing/commands/wywalryby/wywalryby_impl.pwn,True,pending
wywaltelefon,wywaltel,everyone,komendy,gamemodes/modules/komendy/commands/wywaltelefon/wywaltelefon_impl.pwn,True,pending
wywalzsad,,everyone,komendy,gamemodes/modules/komendy/commands/wywalzsad/wywalzsad_impl.pwn,True,pending
wywaz,,everyone,komendy,gamemodes/modules/komendy/commands/wywaz/wywaz_impl.pwn,True,pending
yo,,everyone,komendy,gamemodes/modules/komendy/commands/yo/yo_impl.pwn,True,pending
yo2,,everyone,komendy,gamemodes/modules/komendy/commands/yo2/yo2_impl.pwn,True,pending
yo3,,everyone,komendy,gamemodes/modules/komendy/commands/yo3/yo3_impl.pwn,True,pending
yo4,,everyone,komendy,gamemodes/modules/komendy/commands/yo4/yo4_impl.pwn,True,pending
z,h hangup zakoncz,everyone,komendy,gamemodes/modules/komendy/commands/z/z_impl.pwn,True,pending
zabawaon,,,filterscripts,filterscripts/zombiescript.pwn,False,not-loaded-by-v2.8.8
zabawastatus,,,filterscripts,filterscripts/zombiescript.pwn,False,not-loaded-by-v2.8.8
zabierz,take,everyone,komendy,gamemodes/modules/komendy/commands/zabierz/zabierz_impl.pwn,True,pending
zabierzbilet,,everyone,ibiza,gamemodes/modules/ibiza/commands/zabierzbilet/zabierzbilet_impl.pwn,True,pending
zabierzbiznes,,everyone,biznesy,gamemodes/modules/biznesy/commands/zabierzbiznes/zabierzbiznes_impl.pwn,True,pending
zabierzgps,takegps,everyone,komendy,gamemodes/modules/komendy/commands/zabierzgps/zabierzgps_impl.pwn,True,pending
zabierzlideraorg,,everyone,komendy,gamemodes/modules/komendy/commands/zabierzlideraorg/zabierzlideraorg_impl.pwn,True,pending
zabierzobiekt,removeobject,everyone,player_attachments,gamemodes/modules/player_attachments/commands/zabierzobiekt/zabierzobiekt_impl.pwn,True,pending
zablokujtel,togphone togtel togtelefon,everyone,komendy,gamemodes/modules/komendy/commands/zablokujtel/zablokujtel_impl.pwn,True,pending
zablokujw,togw togwhisper,everyone,komendy,gamemodes/modules/komendy/commands/zablokujw/zablokujw_impl.pwn,True,pending
zakoncztrase,,everyone,praca_kierowca,gamemodes/modules/praca_kierowca/commands/zakoncztrase/zakoncztrase_impl.pwn,True,pending
zaliczegz,,everyone,komendy,gamemodes/modules/komendy/commands/zaliczegz/zaliczegz_impl.pwn,True,pending
zamknijlinie,,everyone,komendy,gamemodes/modules/komendy/commands/zamknijlinie/zamknijlinie_impl.pwn,True,pending
zamroz,freeze,everyone,komendy,gamemodes/modules/komendy/commands/zamroz/zamroz_impl.pwn,True,pending
zaparkuj,parkuj,everyone,komendy,gamemodes/modules/komendy/commands/zaparkuj/zaparkuj_impl.pwn,True,pending
zapiszdomy,,everyone,komendy,gamemodes/modules/komendy/commands/zapiszdomy/zapiszdomy_impl.pwn,True,pending
zapiszkonta,,everyone,komendy,gamemodes/modules/komendy/commands/zapiszkonta/zapiszkonta_impl.pwn,True,pending
zapytaj,,everyone,komendy,gamemodes/modules/komendy/commands/zapytaj/zapytaj_impl.pwn,True,pending
zaraz,setstd,everyone,choroby,gamemodes/modules/choroby/commands/zaraz/zaraz_impl.pwn,True,pending
zasady,,everyone,komendy,gamemodes/modules/komendy/commands/zasady/zasady_impl.pwn,True,pending
zastrzyk,,everyone,choroby,gamemodes/modules/choroby/commands/zastrzyk/zastrzyk_impl.pwn,True,pending
zatankuj,fill tankuj,everyone,komendy,gamemodes/modules/komendy/commands/zatankuj/zatankuj_impl.pwn,True,pending
zatrzymajlekcje,stopegzamin stoplekcja stoplesson zakonczlekcje,everyone,komendy,gamemodes/modules/komendy/commands/zatrzymajlekcje/zatrzymajlekcje_impl.pwn,True,pending
zaufanioff,zasluzenioff,everyone,komendy,gamemodes/modules/komendy/commands/zaufanioff/zaufanioff_impl.pwn,True,pending
zaufanion,zasluzenion,everyone,komendy,gamemodes/modules/komendy/commands/zaufanion/zaufanion_impl.pwn,True,pending
zaufanyggracz,zaufanygracz zg,everyone,komendy,gamemodes/modules/komendy/commands/zaufanyggracz/zaufanyggracz_impl.pwn,True,pending
zawodnicy,,everyone,komendy,gamemodes/modules/komendy/commands/zawodnicy/zawodnicy_impl.pwn,True,pending
zawodnik,,everyone,komendy,gamemodes/modules/komendy/commands/zawodnik/zawodnik_impl.pwn,True,pending
zaznacz,kursor mouse,everyone,komendy,gamemodes/modules/komendy/commands/zaznacz/zaznacz_impl.pwn,True,pending
zbijwl,,everyone,komendy,gamemodes/modules/komendy/commands/zbijwl/zbijwl_impl.pwn,True,pending
zd,,everyone,praca_kierowca,gamemodes/modules/praca_kierowca/commands/zd/zd_impl.pwn,True,pending
zdejmij,zdejmijprzedmiot,everyone,player_attachments,gamemodes/modules/player_attachments/commands/zdejmij/zdejmij_impl.pwn,True,pending
zdejmijkevlar,wyrzuckami zdejmijkami,everyone,komendy,gamemodes/modules/komendy/commands/zdejmijkevlar/zdejmijkevlar_impl.pwn,True,pending
zderzaki,zderzak,everyone,praca_mechanik,gamemodes/modules/praca_mechanik/commands/zderzaki/zderzaki_impl.pwn,True,pending
zdmv,cdmv,everyone,komendy,gamemodes/modules/komendy/commands/zdmv/zdmv_impl.pwn,True,pending
zgas,,everyone,komendy,gamemodes/modules/komendy/commands/zgas/zgas_impl.pwn,True,pending
zjedz,eat jedz,everyone,cooking,gamemodes/modules/cooking/commands/zjedz/zjedz_impl.pwn,True,pending
zk,odbierzkluczyki zabierzkluczyki,everyone,komendy,gamemodes/modules/komendy/commands/zk/zk_impl.pwn,True,pending
zlomuj,nauto przemaluj spawnuj,everyone,komendy,gamemodes/modules/komendy/commands/zlomuj/zlomuj_impl.pwn,True,pending
zlomujbiznes,,everyone,biznesy,gamemodes/modules/biznesy/commands/zlomujbiznes/zlomujbiznes_impl.pwn,True,pending
zmiendom,setdom sethouse,everyone,komendy,gamemodes/modules/komendy/commands/zmiendom/zmiendom_impl.pwn,True,pending
zmiendomk,setdomk setdomkupiony,everyone,komendy,gamemodes/modules/komendy/commands/zmiendomk/zmiendomk_impl.pwn,True,pending
zmienhaslo,,everyone,komendy,gamemodes/modules/komendy/commands/zmienhaslo/zmienhaslo_impl.pwn,True,pending
zmienhp,sethp,everyone,komendy,gamemodes/modules/komendy/commands/zmienhp/zmienhp_impl.pwn,True,pending
zmiennick,,everyone,komendy,gamemodes/modules/komendy/commands/zmiennick/zmiennick_impl.pwn,True,pending
zmienplec,srs,everyone,komendy,gamemodes/modules/komendy/commands/zmienplec/zmienplec_impl.pwn,True,pending
zmienprace,setjob zmienjob,everyone,komendy,gamemodes/modules/komendy/commands/zmienprace/zmienprace_impl.pwn,True,pending
zmienskin,,everyone,komendy,gamemodes/modules/komendy/commands/zmienskin/zmienskin_impl.pwn,True,pending
zmienwiek,setwiek,everyone,admin,gamemodes/modules/admin/commands/zmienwiek/zmienwiek_impl.pwn,True,pending
zmienwl,setwl,everyone,komendy,gamemodes/modules/komendy/commands/zmienwl/zmienwl_impl.pwn,True,pending
zniszczobiekty,,everyone,komendy,gamemodes/modules/komendy/commands/zniszczobiekty/zniszczobiekty_impl.pwn,True,pending
zombieclear,,,filterscripts,filterscripts/zombiescript.pwn,False,not-loaded-by-v2.8.8
zonedelay,,everyone,komendy,gamemodes/modules/komendy/commands/zonedelay/zonedelay_impl.pwn,True,pending
zoneid,,everyone,komendy,gamemodes/modules/komendy/commands/zoneid/zoneid_impl.pwn,True,pending
zp,zapnijpas zapnijpasy,everyone,wypadek,gamemodes/modules/wypadek/commands/zp/zp_impl.pwn,True,pending
zrobkolejke,,everyone,komendy,gamemodes/modules/komendy/commands/zrobkolejke/zrobkolejke_impl.pwn,True,pending
zrzut,,everyone,praca_przemytnik,gamemodes/modules/praca_przemytnik/commands/zrzut/zrzut_impl.pwn,True,pending
zuzel,,everyone,komendy,gamemodes/modules/komendy/commands/zuzel/zuzel_impl.pwn,True,pending
zuzel_start,,everyone,komendy,gamemodes/modules/komendy/commands/zuzel_start/zuzel_start_impl.pwn,True,pending
zuzel_stop,,everyone,komendy,gamemodes/modules/komendy/commands/zuzel_stop/zuzel_stop_impl.pwn,True,pending
zweryfikuj,,admini,weryfikacje,gamemodes/modules/weryfikacje/commands/zweryfikuj/zweryfikuj_impl.pwn,True,pending
zwiaz,tie,everyone,komendy,gamemodes/modules/komendy/commands/zwiaz/zwiaz_impl.pwn,True,pending
zwolnij,uninvite,everyone,komendy,gamemodes/modules/komendy/commands/zwolnij/zwolnij_impl.pwn,True,pending
